,type-id,instance-id,timestamp,value
11,263251,224285,2007-10-01,0.99
35,263251,224285,2007-10-02,0.52
59,263251,224285,2007-10-03,0.69
83,263251,224285,2007-10-04,0.66
107,263251,224285,2007-10-05,0.78
131,263251,224285,2007-10-06,0.76
155,263251,224285,2007-10-07,0.66
179,263251,224285,2007-10-08,0.31
203,263251,224285,2007-10-09,0.19
227,263251,224285,2007-10-10,0.5
251,263251,224285,2007-10-11,0.48
275,263251,224285,2007-10-12,0.69
299,263251,224285,2007-10-13,0.61
323,263251,224285,2007-10-14,0.44
347,263251,224285,2007-10-15,0.33
371,263251,224285,2007-10-16,0.57
395,263251,224285,2007-10-17,1.0
419,263251,224285,2007-10-18,0.99
443,263251,224285,2007-10-19,0.72
467,263251,224285,2007-10-20,0.88
491,263251,224285,2007-10-21,0.62
515,263251,224285,2007-10-22,0.34
539,263251,224285,2007-10-23,0.45
563,263251,224285,2007-10-24,0.24
587,263251,224285,2007-10-25,0.55
611,263251,224285,2007-10-26,0.65
635,263251,224285,2007-10-27,0.46
659,263251,224285,2007-10-28,0.31
683,263251,224285,2007-10-29,0.48
707,263251,224285,2007-10-30,0.88
731,263251,224285,2007-10-31,0.35
755,263251,224285,2007-11-01,0.45
779,263251,224285,2007-11-02,0.35
803,263251,224285,2007-11-03,0.35
827,263251,224285,2007-11-04,0.22
851,263251,224285,2007-11-05,0.28
875,263251,224285,2007-11-06,0.25
899,263251,224285,2007-11-07,0.21
923,263251,224285,2007-11-08,0.26
947,263251,224285,2007-11-09,0.33
971,263251,224285,2007-11-10,0.6
995,263251,224285,2007-11-11,0.95
1019,263251,224285,2007-11-12,0.68
1043,263251,224285,2007-11-13,0.91
1067,263251,224285,2007-11-14,0.26
1091,263251,224285,2007-11-15,0.62
1115,263251,224285,2007-11-16,0.74
1139,263251,224285,2007-11-17,0.79
1163,263251,224285,2007-11-18,0.58
1187,263251,224285,2007-11-19,0.9
1211,263251,224285,2007-11-20,0.82
1235,263251,224285,2007-11-21,0.58
1259,263251,224285,2007-11-22,0.54
1283,263251,224285,2007-11-23,0.68
1307,263251,224285,2007-11-24,0.23
1331,263251,224285,2007-11-25,0.31
1355,263251,224285,2007-11-26,0.53
1379,263251,224285,2007-11-27,0.91
1403,263251,224285,2007-11-28,0.59
1427,263251,224285,2007-11-29,0.67
1451,263251,224285,2007-11-30,0.82
1475,263251,224285,2007-12-01,0.79
1499,263251,224285,2007-12-02,0.53
1523,263251,224285,2007-12-03,0.22
1547,263251,224285,2007-12-04,0.62
1571,263251,224285,2007-12-05,0.72
1595,263251,224285,2007-12-06,0.84
1619,263251,224285,2007-12-07,0.99
1643,263251,224285,2007-12-08,0.99
1667,263251,224285,2007-12-09,0.91
1691,263251,224285,2007-12-10,0.92
1715,263251,224285,2007-12-11,0.54
1739,263251,224285,2007-12-12,0.62
1763,263251,224285,2007-12-13,0.92
1787,263251,224285,2007-12-14,0.66
1811,263251,224285,2007-12-15,0.65
1835,263251,224285,2007-12-16,0.66
1859,263251,224285,2007-12-17,0.71
1883,263251,224285,2007-12-18,0.98
1907,263251,224285,2007-12-19,0.99
1931,263251,224285,2007-12-20,0.97
1955,263251,224285,2007-12-21,0.77
1979,263251,224285,2007-12-22,0.49
2003,263251,224285,2007-12-23,0.89
2027,263251,224285,2007-12-24,0.93
2051,263251,224285,2007-12-25,0.71
2075,263251,224285,2007-12-26,0.93
2099,263251,224285,2007-12-27,0.9
2123,263251,224285,2007-12-28,0.95
2147,263251,224285,2007-12-29,0.97
2171,263251,224285,2007-12-30,0.76
2195,263251,224285,2007-12-31,0.75
2219,263251,224285,2008-01-01,0.25
2243,263251,224285,2008-01-02,0.27
2267,263251,224285,2008-01-03,0.38
2291,263251,224285,2008-01-04,0.56
2315,263251,224285,2008-01-05,0.84
2339,263251,224285,2008-01-06,0.82
2363,263251,224285,2008-01-07,0.92
2387,263251,224285,2008-01-08,0.97
2411,263251,224285,2008-01-09,0.84
2435,263251,224285,2008-01-10,0.95
2459,263251,224285,2008-01-11,0.88
2483,263251,224285,2008-01-12,0.55
2507,263251,224285,2008-01-13,0.94
2531,263251,224285,2008-01-14,0.26
2555,263251,224285,2008-01-15,0.73
2579,263251,224285,2008-01-16,0.72
2603,263251,224285,2008-01-17,0.66
2627,263251,224285,2008-01-18,0.66
2651,263251,224285,2008-01-19,0.55
2675,263251,224285,2008-01-20,0.96
2699,263251,224285,2008-01-21,0.84
2723,263251,224285,2008-01-22,0.68
2747,263251,224285,2008-01-23,0.49
2771,263251,224285,2008-01-24,0.61
2795,263251,224285,2008-01-25,0.63
2819,263251,224285,2008-01-26,0.68
2843,263251,224285,2008-01-27,0.94
2867,263251,224285,2008-01-28,0.92
2891,263251,224285,2008-01-29,0.95
2915,263251,224285,2008-01-30,0.86
2939,263251,224285,2008-01-31,0.88
2963,263251,224285,2008-02-01,0.86
2987,263251,224285,2008-02-02,0.93
3011,263251,224285,2008-02-03,0.97
3035,263251,224285,2008-02-04,0.93
3059,263251,224285,2008-02-05,0.69
3083,263251,224285,2008-02-06,0.64
3107,263251,224285,2008-02-07,0.79
3131,263251,224285,2008-02-08,0.56
3155,263251,224285,2008-02-09,0.6
3179,263251,224285,2008-02-10,0.51
3203,263251,224285,2008-02-11,0.53
3227,263251,224285,2008-02-12,0.43
3251,263251,224285,2008-02-13,0.82
3275,263251,224285,2008-02-14,0.51
3299,263251,224285,2008-02-15,0.5
3323,263251,224285,2008-02-16,0.64
3347,263251,224285,2008-02-17,0.57
3371,263251,224285,2008-02-18,0.3
3395,263251,224285,2008-02-19,0.25
3419,263251,224285,2008-02-20,0.78
3443,263251,224285,2008-02-21,0.67
3467,263251,224285,2008-02-22,0.87
3491,263251,224285,2008-02-23,0.81
3515,263251,224285,2008-02-24,0.81
3539,263251,224285,2008-02-25,0.98
3563,263251,224285,2008-02-26,0.61
3587,263251,224285,2008-02-27,0.52
3611,263251,224285,2008-02-28,0.56
3635,263251,224285,2008-02-29,0.4
3659,263251,224285,2008-03-01,0.89
3683,263251,224285,2008-03-02,0.6
3707,263251,224285,2008-03-03,0.44
3731,263251,224285,2008-03-04,0.65
3755,263251,224285,2008-03-05,0.67
3779,263251,224285,2008-03-06,0.38
3803,263251,224285,2008-03-07,0.29
3827,263251,224285,2008-03-08,0.98
3851,263251,224285,2008-03-09,0.61
3875,263251,224285,2008-03-10,0.36
3899,263251,224285,2008-03-11,0.66
3923,263251,224285,2008-03-12,0.19
3947,263251,224285,2008-03-13,0.88
3971,263251,224285,2008-03-14,0.74
3995,263251,224285,2008-03-15,0.76
4019,263251,224285,2008-03-16,0.73
4043,263251,224285,2008-03-17,0.71
4067,263251,224285,2008-03-18,0.68
4091,263251,224285,2008-03-19,0.62
4115,263251,224285,2008-03-20,0.6
4139,263251,224285,2008-03-21,0.68
4163,263251,224285,2008-03-22,0.35
4187,263251,224285,2008-03-23,0.29
4211,263251,224285,2008-03-24,0.6
4235,263251,224285,2008-03-25,0.81
4259,263251,224285,2008-03-26,0.76
4283,263251,224285,2008-03-27,0.59
4307,263251,224285,2008-03-28,0.35
4331,263251,224285,2008-03-29,0.5
4355,263251,224285,2008-03-30,0.52
4379,263251,224285,2008-03-31,0.65
4403,263251,224285,2008-04-01,0.23
4427,263251,224285,2008-04-02,0.35
4451,263251,224285,2008-04-03,0.33
4475,263251,224285,2008-04-04,0.35
4499,263251,224285,2008-04-05,0.62
4523,263251,224285,2008-04-06,0.69
4547,263251,224285,2008-04-07,0.66
4571,263251,224285,2008-04-08,0.52
4595,263251,224285,2008-04-09,0.75
4619,263251,224285,2008-04-10,0.71
4643,263251,224285,2008-04-11,0.48
4667,263251,224285,2008-04-12,0.34
4691,263251,224285,2008-04-13,0.26
4715,263251,224285,2008-04-14,0.23
4739,263251,224285,2008-04-15,0.63
4763,263251,224285,2008-04-16,0.59
4787,263251,224285,2008-04-17,0.36
4811,263251,224285,2008-04-18,0.45
4835,263251,224285,2008-04-19,0.58
4859,263251,224285,2008-04-20,0.61
4883,263251,224285,2008-04-21,0.52
4907,263251,224285,2008-04-22,0.36
4931,263251,224285,2008-04-23,0.73
4955,263251,224285,2008-04-24,0.75
4979,263251,224285,2008-04-25,0.48
5003,263251,224285,2008-04-26,0.35
5027,263251,224285,2008-04-27,0.13
5051,263251,224285,2008-04-28,0.36
5075,263251,224285,2008-04-29,0.58
5099,263251,224285,2008-04-30,0.7
5123,263251,224285,2008-05-01,0.51
5147,263251,224285,2008-05-02,0.21
5171,263251,224285,2008-05-03,0.24
5195,263251,224285,2008-05-04,0.41
5219,263251,224285,2008-05-05,0.39
5243,263251,224285,2008-05-06,0.41
5267,263251,224285,2008-05-07,0.53
5291,263251,224285,2008-05-08,0.39
5315,263251,224285,2008-05-09,0.63
5339,263251,224285,2008-05-10,0.27
5363,263251,224285,2008-05-11,0.55
5387,263251,224285,2008-05-12,0.6
5411,263251,224285,2008-05-13,0.38
5435,263251,224285,2008-05-14,0.69
5459,263251,224285,2008-05-15,0.55
5483,263251,224285,2008-05-16,0.31
5507,263251,224285,2008-05-17,0.3
5531,263251,224285,2008-05-18,0.33
5555,263251,224285,2008-05-19,0.26
5579,263251,224285,2008-05-20,0.28
5603,263251,224285,2008-05-21,0.78
5627,263251,224285,2008-05-22,0.93
5651,263251,224285,2008-05-23,0.76
5675,263251,224285,2008-05-24,0.76
5699,263251,224285,2008-05-25,0.56
5723,263251,224285,2008-05-26,0.95
5747,263251,224285,2008-05-27,0.65
5771,263251,224285,2008-05-28,0.74
5795,263251,224285,2008-05-29,0.74
5819,263251,224285,2008-05-30,0.66
5843,263251,224285,2008-05-31,0.63
5867,263251,224285,2008-06-01,0.66
5891,263251,224285,2008-06-02,0.59
5915,263251,224285,2008-06-03,0.84
5939,263251,224285,2008-06-04,0.84
5963,263251,224285,2008-06-05,0.6
5987,263251,224285,2008-06-06,0.58
6011,263251,224285,2008-06-07,0.63
6035,263251,224285,2008-06-08,0.47
6059,263251,224285,2008-06-09,0.45
6083,263251,224285,2008-06-10,0.5
6107,263251,224285,2008-06-11,0.66
6131,263251,224285,2008-06-12,0.56
6155,263251,224285,2008-06-13,0.25
6179,263251,224285,2008-06-14,0.36
6203,263251,224285,2008-06-15,0.32
6227,263251,224285,2008-06-16,0.28
6251,263251,224285,2008-06-17,0.31
6275,263251,224285,2008-06-18,0.35
6299,263251,224285,2008-06-19,0.21
6323,263251,224285,2008-06-20,0.16
6347,263251,224285,2008-06-21,0.17
6371,263251,224285,2008-06-22,0.34
6395,263251,224285,2008-06-23,0.24
6419,263251,224285,2008-06-24,0.32
6443,263251,224285,2008-06-25,0.29
6467,263251,224285,2008-06-26,0.32
6491,263251,224285,2008-06-27,0.37
6515,263251,224285,2008-06-28,0.23
6539,263251,224285,2008-06-29,0.15
6563,263251,224285,2008-06-30,0.2
6587,263251,224285,2008-07-01,0.34
6611,263251,224285,2008-07-02,0.2
6635,263251,224285,2008-07-03,0.19
6659,263251,224285,2008-07-04,0.27
6683,263251,224285,2008-07-05,0.34
6707,263251,224285,2008-07-06,0.31
6731,263251,224285,2008-07-07,0.21
6755,263251,224285,2008-07-08,0.22
6779,263251,224285,2008-07-09,0.22
6803,263251,224285,2008-07-10,0.2
6827,263251,224285,2008-07-11,0.16
6851,263251,224285,2008-07-12,0.11
6875,263251,224285,2008-07-13,0.14
6899,263251,224285,2008-07-14,0.16
6923,263251,224285,2008-07-15,0.21
6947,263251,224285,2008-07-16,0.25
6971,263251,224285,2008-07-17,0.26
6995,263251,224285,2008-07-18,0.26
7019,263251,224285,2008-07-19,0.13
7043,263251,224285,2008-07-20,0.14
7067,263251,224285,2008-07-21,0.23
7091,263251,224285,2008-07-22,0.72
7115,263251,224285,2008-07-23,0.31
7139,263251,224285,2008-07-24,0.28
7163,263251,224285,2008-07-25,0.14
7187,263251,224285,2008-07-26,0.23
7211,263251,224285,2008-07-27,0.19
7235,263251,224285,2008-07-28,0.24
7259,263251,224285,2008-07-29,0.21
7283,263251,224285,2008-07-30,0.39
7307,263251,224285,2008-07-31,0.2
7331,263251,224285,2008-08-01,0.23
7355,263251,224285,2008-08-02,0.26
7379,263251,224285,2008-08-03,0.25
7403,263251,224285,2008-08-04,0.18
7427,263251,224285,2008-08-05,0.12
7451,263251,224285,2008-08-06,0.22
7475,263251,224285,2008-08-07,0.22
7499,263251,224285,2008-08-08,0.31
7523,263251,224285,2008-08-09,0.09
7547,263251,224285,2008-08-10,0.26
7571,263251,224285,2008-08-11,0.31
7595,263251,224285,2008-08-12,0.22
7619,263251,224285,2008-08-13,0.21
7643,263251,224285,2008-08-14,0.24
7667,263251,224285,2008-08-15,0.23
7691,263251,224285,2008-08-16,0.18
7715,263251,224285,2008-08-17,0.12
7739,263251,224285,2008-08-18,0.12
7763,263251,224285,2008-08-19,0.21
7787,263251,224285,2008-08-20,0.29
7811,263251,224285,2008-08-21,0.38
7835,263251,224285,2008-08-22,0.14
7859,263251,224285,2008-08-23,0.13
7883,263251,224285,2008-08-24,0.13
7907,263251,224285,2008-08-25,0.13
7931,263251,224285,2008-08-26,0.29
7955,263251,224285,2008-08-27,0.21
7979,263251,224285,2008-08-28,0.27
8003,263251,224285,2008-08-29,0.25
8027,263251,224285,2008-08-30,0.2
8051,263251,224285,2008-08-31,0.33
8075,263251,224285,2008-09-01,0.53
8099,263251,224285,2008-09-02,0.18
8123,263251,224285,2008-09-03,0.19
8147,263251,224285,2008-09-04,0.23
8171,263251,224285,2008-09-05,0.31
8195,263251,224285,2008-09-06,0.3
8219,263251,224285,2008-09-07,0.3
8243,263251,224285,2008-09-08,0.23
8267,263251,224285,2008-09-09,0.15
8291,263251,224285,2008-09-10,0.32
8315,263251,224285,2008-09-11,0.24
8339,263251,224285,2008-09-12,0.15
8363,263251,224285,2008-09-13,0.18
8387,263251,224285,2008-09-14,0.15
8411,263251,224285,2008-09-15,0.09
8435,263251,224285,2008-09-16,0.1
8459,263251,224285,2008-09-17,0.16
8483,263251,224285,2008-09-18,0.19
8507,263251,224285,2008-09-19,0.25
8531,263251,224285,2008-09-20,0.75
8555,263251,224285,2008-09-21,0.67
8579,263251,224285,2008-09-22,0.71
8603,263251,224285,2008-09-23,0.32
8627,263251,224285,2008-09-24,0.13
8651,263251,224285,2008-09-25,0.18
8675,263251,224285,2008-09-26,0.16
8699,263251,224285,2008-09-27,0.21
8723,263251,224285,2008-09-28,0.14
8747,263251,224285,2008-09-29,0.16
8771,263251,224285,2008-09-30,0.27
8795,263251,224285,2008-10-01,0.22
8819,263251,224285,2008-10-02,0.6
8843,263251,224285,2008-10-03,0.48
8867,263251,224285,2008-10-04,0.95
8891,263251,224285,2008-10-05,0.85
8915,263251,224285,2008-10-06,0.7
8939,263251,224285,2008-10-07,0.36
8963,263251,224285,2008-10-08,0.34
8987,263251,224285,2008-10-09,0.54
9011,263251,224285,2008-10-10,0.98
9035,263251,224285,2008-10-11,0.64
9059,263251,224285,2008-10-12,0.54
9083,263251,224285,2008-10-13,0.43
9107,263251,224285,2008-10-14,0.39
9131,263251,224285,2008-10-15,0.57
9155,263251,224285,2008-10-16,0.25
9179,263251,224285,2008-10-17,0.23
9203,263251,224285,2008-10-18,0.17
9227,263251,224285,2008-10-19,0.32
9251,263251,224285,2008-10-20,0.39
9275,263251,224285,2008-10-21,0.46
9299,263251,224285,2008-10-22,0.17
9323,263251,224285,2008-10-23,0.1
9347,263251,224285,2008-10-24,0.19
9371,263251,224285,2008-10-25,0.28
9395,263251,224285,2008-10-26,0.08
9419,263251,224285,2008-10-27,0.2
9443,263251,224285,2008-10-28,0.17
9467,263251,224285,2008-10-29,0.17
9491,263251,224285,2008-10-30,0.24
9515,263251,224285,2008-10-31,0.34
9539,263251,224285,2008-11-01,0.59
9563,263251,224285,2008-11-02,0.9
9587,263251,224285,2008-11-03,0.87
9611,263251,224285,2008-11-04,1.0
9635,263251,224285,2008-11-05,0.78
9659,263251,224285,2008-11-06,0.94
9683,263251,224285,2008-11-07,0.63
9707,263251,224285,2008-11-08,0.61
9731,263251,224285,2008-11-09,0.98
9755,263251,224285,2008-11-10,1.0
9779,263251,224285,2008-11-11,0.99
9803,263251,224285,2008-11-12,1.0
9827,263251,224285,2008-11-13,1.0
9851,263251,224285,2008-11-14,0.48
9875,263251,224285,2008-11-15,0.22
9899,263251,224285,2008-11-16,0.28
9923,263251,224285,2008-11-17,0.24
9947,263251,224285,2008-11-18,0.26
9971,263251,224285,2008-11-19,0.28
9995,263251,224285,2008-11-20,0.33
10019,263251,224285,2008-11-21,0.4
10043,263251,224285,2008-11-22,0.51
10067,263251,224285,2008-11-23,0.59
10091,263251,224285,2008-11-24,0.37
10115,263251,224285,2008-11-25,0.33
10139,263251,224285,2008-11-26,0.33
10163,263251,224285,2008-11-27,0.71
10187,263251,224285,2008-11-28,0.79
10211,263251,224285,2008-11-29,0.93
10235,263251,224285,2008-11-30,0.78
10259,263251,224285,2008-12-01,0.53
10283,263251,224285,2008-12-02,1.0
10307,263251,224285,2008-12-03,0.8
10331,263251,224285,2008-12-04,0.71
10355,263251,224285,2008-12-05,0.17
10379,263251,224285,2008-12-06,0.16
10403,263251,224285,2008-12-07,0.37
10427,263251,224285,2008-12-08,0.94
10451,263251,224285,2008-12-09,0.66
10475,263251,224285,2008-12-10,0.26
10499,263251,224285,2008-12-11,0.56
10523,263251,224285,2008-12-12,0.62
10547,263251,224285,2008-12-13,0.91
10571,263251,224285,2008-12-14,0.95
10595,263251,224285,2008-12-15,0.95
10619,263251,224285,2008-12-16,0.94
10643,263251,224285,2008-12-17,0.88
10667,263251,224285,2008-12-18,0.66
10691,263251,224285,2008-12-19,0.85
10715,263251,224285,2008-12-20,0.97
10739,263251,224285,2008-12-21,1.0
10763,263251,224285,2008-12-22,0.99
10787,263251,224285,2008-12-23,0.97
10811,263251,224285,2008-12-24,0.98
10835,263251,224285,2008-12-25,0.98
10859,263251,224285,2008-12-26,0.96
10883,263251,224285,2008-12-27,0.97
10907,263251,224285,2008-12-28,1.0
10931,263251,224285,2008-12-29,0.72
10955,263251,224285,2008-12-30,0.72
10979,263251,224285,2008-12-31,0.6
11003,263251,224285,2009-01-01,0.73
11027,263251,224285,2009-01-02,0.97
11051,263251,224285,2009-01-03,0.79
11075,263251,224285,2009-01-04,0.54
11099,263251,224285,2009-01-05,1.0
11123,263251,224285,2009-01-06,1.0
11147,263251,224285,2009-01-07,0.7
11171,263251,224285,2009-01-08,0.95
11195,263251,224285,2009-01-09,0.68
11219,263251,224285,2009-01-10,0.35
11243,263251,224285,2009-01-11,0.74
11267,263251,224285,2009-01-12,1.0
11291,263251,224285,2009-01-13,0.5
11315,263251,224285,2009-01-14,0.25
11339,263251,224285,2009-01-15,0.3
11363,263251,224285,2009-01-16,0.19
11387,263251,224285,2009-01-17,0.32
11411,263251,224285,2009-01-18,0.14
11435,263251,224285,2009-01-19,0.17
11459,263251,224285,2009-01-20,0.14
11483,263251,224285,2009-01-21,0.22
11507,263251,224285,2009-01-22,0.97
11531,263251,224285,2009-01-23,1.0
11555,263251,224285,2009-01-24,1.0
11579,263251,224285,2009-01-25,0.97
11603,263251,224285,2009-01-26,0.9
11627,263251,224285,2009-01-27,0.78
11651,263251,224285,2009-01-28,0.85
11675,263251,224285,2009-01-29,0.65
11699,263251,224285,2009-01-30,0.44
11723,263251,224285,2009-01-31,0.54
11747,263251,224285,2009-02-01,0.23
11771,263251,224285,2009-02-02,0.22
11795,263251,224285,2009-02-03,0.35
11819,263251,224285,2009-02-04,0.3
11843,263251,224285,2009-02-05,0.42
11867,263251,224285,2009-02-06,0.7
11891,263251,224285,2009-02-07,0.69
11915,263251,224285,2009-02-08,0.52
11939,263251,224285,2009-02-09,0.98
11963,263251,224285,2009-02-10,0.66
11987,263251,224285,2009-02-11,0.99
12011,263251,224285,2009-02-12,0.68
12035,263251,224285,2009-02-13,0.61
12059,263251,224285,2009-02-14,0.86
12083,263251,224285,2009-02-15,0.57
12107,263251,224285,2009-02-16,0.42
12131,263251,224285,2009-02-17,0.96
12155,263251,224285,2009-02-18,0.68
12179,263251,224285,2009-02-19,0.45
12203,263251,224285,2009-02-20,0.4
12227,263251,224285,2009-02-21,0.32
12251,263251,224285,2009-02-22,0.41
12275,263251,224285,2009-02-23,0.82
12299,263251,224285,2009-02-24,0.68
12323,263251,224285,2009-02-25,0.69
12347,263251,224285,2009-02-26,0.97
12371,263251,224285,2009-02-27,0.43
12395,263251,224285,2009-02-28,0.3
12419,263251,224285,2009-03-01,0.3
12443,263251,224285,2009-03-02,0.48
12467,263251,224285,2009-03-03,0.59
12491,263251,224285,2009-03-04,0.95
12515,263251,224285,2009-03-05,0.78
12539,263251,224285,2009-03-06,0.98
12563,263251,224285,2009-03-07,0.59
12587,263251,224285,2009-03-08,0.7
12611,263251,224285,2009-03-09,0.77
12635,263251,224285,2009-03-10,0.9
12659,263251,224285,2009-03-11,0.43
12683,263251,224285,2009-03-12,0.53
12707,263251,224285,2009-03-13,0.23
12731,263251,224285,2009-03-14,0.37
12755,263251,224285,2009-03-15,0.7
12779,263251,224285,2009-03-16,0.65
12803,263251,224285,2009-03-17,0.7
12827,263251,224285,2009-03-18,0.33
12851,263251,224285,2009-03-19,0.33
12875,263251,224285,2009-03-20,0.35
12899,263251,224285,2009-03-21,0.44
12923,263251,224285,2009-03-22,0.73
12947,263251,224285,2009-03-23,0.68
12971,263251,224285,2009-03-24,1.0
12995,263251,224285,2009-03-25,1.0
13019,263251,224285,2009-03-26,0.78
13043,263251,224285,2009-03-27,0.53
13067,263251,224285,2009-03-28,0.56
13091,263251,224285,2009-03-29,0.91
13115,263251,224285,2009-03-30,0.64
13139,263251,224285,2009-03-31,0.81
13163,263251,224285,2009-04-01,0.59
13187,263251,224285,2009-04-02,0.91
13211,263251,224285,2009-04-03,0.79
13235,263251,224285,2009-04-04,0.63
13259,263251,224285,2009-04-05,0.34
13283,263251,224285,2009-04-06,0.26
13307,263251,224285,2009-04-07,0.2
13331,263251,224285,2009-04-08,0.96
13355,263251,224285,2009-04-09,0.99
13379,263251,224285,2009-04-10,0.9
13403,263251,224285,2009-04-11,0.85
13427,263251,224285,2009-04-12,0.53
13451,263251,224285,2009-04-13,0.55
13475,263251,224285,2009-04-14,0.78
13499,263251,224285,2009-04-15,0.89
13523,263251,224285,2009-04-16,0.54
13547,263251,224285,2009-04-17,0.44
13571,263251,224285,2009-04-18,0.54
13595,263251,224285,2009-04-19,0.33
13619,263251,224285,2009-04-20,0.26
13643,263251,224285,2009-04-21,0.24
13667,263251,224285,2009-04-22,0.34
13691,263251,224285,2009-04-23,0.47
13715,263251,224285,2009-04-24,0.48
13739,263251,224285,2009-04-25,0.42
13763,263251,224285,2009-04-26,0.53
13787,263251,224285,2009-04-27,0.27
13811,263251,224285,2009-04-28,0.97
13835,263251,224285,2009-04-29,0.87
13859,263251,224285,2009-04-30,0.77
13883,263251,224285,2009-05-01,0.98
13907,263251,224285,2009-05-02,0.8
13931,263251,224285,2009-05-03,0.88
13955,263251,224285,2009-05-04,0.71
13979,263251,224285,2009-05-05,0.47
14003,263251,224285,2009-05-06,0.54
14027,263251,224285,2009-05-07,0.67
14051,263251,224285,2009-05-08,0.42
14075,263251,224285,2009-05-09,0.26
14099,263251,224285,2009-05-10,0.24
14123,263251,224285,2009-05-11,0.46
14147,263251,224285,2009-05-12,0.42
14171,263251,224285,2009-05-13,0.28
14195,263251,224285,2009-05-14,0.57
14219,263251,224285,2009-05-15,0.53
14243,263251,224285,2009-05-16,0.29
14267,263251,224285,2009-05-17,0.18
14291,263251,224285,2009-05-18,0.17
14315,263251,224285,2009-05-19,0.19
14339,263251,224285,2009-05-20,0.26
14363,263251,224285,2009-05-21,0.24
14387,263251,224285,2009-05-22,0.24
14411,263251,224285,2009-05-23,0.28
14435,263251,224285,2009-05-24,0.56
14459,263251,224285,2009-05-25,0.3
14483,263251,224285,2009-05-26,0.23
14507,263251,224285,2009-05-27,0.26
14531,263251,224285,2009-05-28,0.22
14555,263251,224285,2009-05-29,0.22
14579,263251,224285,2009-05-30,0.36
14603,263251,224285,2009-05-31,0.49
14627,263251,224285,2009-06-01,0.87
14651,263251,224285,2009-06-02,0.63
14675,263251,224285,2009-06-03,0.52
14699,263251,224285,2009-06-04,0.28
14723,263251,224285,2009-06-05,0.35
14747,263251,224285,2009-06-06,1.0
14771,263251,224285,2009-06-07,0.81
14795,263251,224285,2009-06-08,0.63
14819,263251,224285,2009-06-09,0.45
14843,263251,224285,2009-06-10,0.78
14867,263251,224285,2009-06-11,0.71
14891,263251,224285,2009-06-12,0.57
14915,263251,224285,2009-06-13,0.93
14939,263251,224285,2009-06-14,0.87
14963,263251,224285,2009-06-15,0.92
14987,263251,224285,2009-06-16,0.64
15011,263251,224285,2009-06-17,0.91
15035,263251,224285,2009-06-18,0.6
15059,263251,224285,2009-06-19,0.42
15083,263251,224285,2009-06-20,0.68
15107,263251,224285,2009-06-21,0.76
15131,263251,224285,2009-06-22,0.53
15155,263251,224285,2009-06-23,0.37
15179,263251,224285,2009-06-24,0.23
15203,263251,224285,2009-06-25,0.3
15227,263251,224285,2009-06-26,0.31
15251,263251,224285,2009-06-27,0.23
15275,263251,224285,2009-06-28,0.2
15299,263251,224285,2009-06-29,0.31
15323,263251,224285,2009-06-30,0.31
15347,263251,224285,2009-07-01,0.39
15371,263251,224285,2009-07-02,0.27
15395,263251,224285,2009-07-03,0.47
15419,263251,224285,2009-07-04,0.31
15443,263251,224285,2009-07-05,0.31
15467,263251,224285,2009-07-06,0.31
15491,263251,224285,2009-07-07,0.29
15515,263251,224285,2009-07-08,0.42
15539,263251,224285,2009-07-09,0.28
15563,263251,224285,2009-07-10,0.22
15587,263251,224285,2009-07-11,0.1
15611,263251,224285,2009-07-12,0.3
15635,263251,224285,2009-07-13,0.6
15659,263251,224285,2009-07-14,0.3
15683,263251,224285,2009-07-15,0.16
15707,263251,224285,2009-07-16,0.14
15731,263251,224285,2009-07-17,0.13
15755,263251,224285,2009-07-18,0.12
15779,263251,224285,2009-07-19,0.26
15803,263251,224285,2009-07-20,0.16
15827,263251,224285,2009-07-21,0.12
15851,263251,224285,2009-07-22,0.14
15875,263251,224285,2009-07-23,0.16
15899,263251,224285,2009-07-24,0.22
15923,263251,224285,2009-07-25,0.25
15947,263251,224285,2009-07-26,0.27
15971,263251,224285,2009-07-27,0.42
15995,263251,224285,2009-07-28,0.33
16019,263251,224285,2009-07-29,0.3
16043,263251,224285,2009-07-30,0.25
16067,263251,224285,2009-07-31,0.19
16091,263251,224285,2009-08-01,0.17
16115,263251,224285,2009-08-02,0.14
16139,263251,224285,2009-08-03,0.28
16163,263251,224285,2009-08-04,0.27
16187,263251,224285,2009-08-05,0.19
16211,263251,224285,2009-08-06,0.86
16235,263251,224285,2009-08-07,1.0
16259,263251,224285,2009-08-08,1.0
16283,263251,224285,2009-08-09,0.49
16307,263251,224285,2009-08-10,0.28
16331,263251,224285,2009-08-11,0.21
16355,263251,224285,2009-08-12,0.24
16379,263251,224285,2009-08-13,0.36
16403,263251,224285,2009-08-14,0.52
16427,263251,224285,2009-08-15,0.48
16451,263251,224285,2009-08-16,0.31
16475,263251,224285,2009-08-17,0.31
16499,263251,224285,2009-08-18,0.28
16523,263251,224285,2009-08-19,0.22
16547,263251,224285,2009-08-20,0.22
16571,263251,224285,2009-08-21,0.24
16595,263251,224285,2009-08-22,0.25
16619,263251,224285,2009-08-23,0.48
16643,263251,224285,2009-08-24,0.42
16667,263251,224285,2009-08-25,0.19
16691,263251,224285,2009-08-26,0.11
16715,263251,224285,2009-08-27,0.14
16739,263251,224285,2009-08-28,0.14
16763,263251,224285,2009-08-29,0.32
16787,263251,224285,2009-08-30,0.5
16811,263251,224285,2009-08-31,0.26
16835,263251,224285,2009-09-01,0.23
16859,263251,224285,2009-09-02,0.18
16883,263251,224285,2009-09-03,0.19
16907,263251,224285,2009-09-04,0.21
16931,263251,224285,2009-09-05,0.18
16955,263251,224285,2009-09-06,0.44
16979,263251,224285,2009-09-07,0.36
17003,263251,224285,2009-09-08,0.16
17027,263251,224285,2009-09-09,0.12
17051,263251,224285,2009-09-10,0.13
17075,263251,224285,2009-09-11,0.17
17099,263251,224285,2009-09-12,0.16
17123,263251,224285,2009-09-13,0.23
17147,263251,224285,2009-09-14,0.57
17171,263251,224285,2009-09-15,0.44
17195,263251,224285,2009-09-16,0.33
17219,263251,224285,2009-09-17,0.32
17243,263251,224285,2009-09-18,0.3
17267,263251,224285,2009-09-19,0.18
17291,263251,224285,2009-09-20,0.36
17315,263251,224285,2009-09-21,0.26
17339,263251,224285,2009-09-22,0.16
17363,263251,224285,2009-09-23,0.17
17387,263251,224285,2009-09-24,0.13
17411,263251,224285,2009-09-25,0.18
17435,263251,224285,2009-09-26,0.15
17459,263251,224285,2009-09-27,0.15
17483,263251,224285,2009-09-28,0.09
17507,263251,224285,2009-09-29,0.24
17531,263251,224285,2009-09-30,0.62
17555,263251,224285,2009-10-01,0.43
17579,263251,224285,2009-10-02,0.3
17603,263251,224285,2009-10-03,0.54
17627,263251,224285,2009-10-04,1.0
17651,263251,224285,2009-10-05,1.0
17675,263251,224285,2009-10-06,0.77
17699,263251,224285,2009-10-07,0.56
17723,263251,224285,2009-10-08,0.37
17747,263251,224285,2009-10-09,0.55
17771,263251,224285,2009-10-10,0.58
17795,263251,224285,2009-10-11,0.58
17819,263251,224285,2009-10-12,0.37
17843,263251,224285,2009-10-13,0.52
17867,263251,224285,2009-10-14,0.61
17891,263251,224285,2009-10-15,0.59
17915,263251,224285,2009-10-16,0.48
17939,263251,224285,2009-10-17,0.31
17963,263251,224285,2009-10-18,0.46
17987,263251,224285,2009-10-19,0.79
18011,263251,224285,2009-10-20,0.75
18035,263251,224285,2009-10-21,0.66
18059,263251,224285,2009-10-22,0.67
18083,263251,224285,2009-10-23,0.61
18107,263251,224285,2009-10-24,0.63
18131,263251,224285,2009-10-25,0.36
18155,263251,224285,2009-10-26,0.3
18179,263251,224285,2009-10-27,0.95
18203,263251,224285,2009-10-28,0.66
18227,263251,224285,2009-10-29,0.81
18251,263251,224285,2009-10-30,1.0
18275,263251,224285,2009-10-31,0.58
18299,263251,224285,2009-11-01,0.82
18323,263251,224285,2009-11-02,0.47
18347,263251,224285,2009-11-03,0.36
18371,263251,224285,2009-11-04,0.22
18395,263251,224285,2009-11-05,0.26
18419,263251,224285,2009-11-06,0.7
18443,263251,224285,2009-11-07,0.69
18467,263251,224285,2009-11-08,0.46
18491,263251,224285,2009-11-09,0.27
18515,263251,224285,2009-11-10,0.53
18539,263251,224285,2009-11-11,0.55
18563,263251,224285,2009-11-12,0.94
18587,263251,224285,2009-11-13,0.79
18611,263251,224285,2009-11-14,0.97
18635,263251,224285,2009-11-15,0.39
18659,263251,224285,2009-11-16,0.31
18683,263251,224285,2009-11-17,0.26
18707,263251,224285,2009-11-18,0.7
18731,263251,224285,2009-11-19,0.27
18755,263251,224285,2009-11-20,0.23
18779,263251,224285,2009-11-21,0.97
18803,263251,224285,2009-11-22,1.0
18827,263251,224285,2009-11-23,0.62
18851,263251,224285,2009-11-24,0.22
18875,263251,224285,2009-11-25,0.44
18899,263251,224285,2009-11-26,0.38
18923,263251,224285,2009-11-27,0.52
18947,263251,224285,2009-11-28,0.48
18971,263251,224285,2009-11-29,0.55
18995,263251,224285,2009-11-30,0.46
19019,263251,224285,2009-12-01,0.69
19043,263251,224285,2009-12-02,0.6
19067,263251,224285,2009-12-03,0.45
19091,263251,224285,2009-12-04,0.31
19115,263251,224285,2009-12-05,0.75
19139,263251,224285,2009-12-06,0.58
19163,263251,224285,2009-12-07,0.65
19187,263251,224285,2009-12-08,0.87
19211,263251,224285,2009-12-09,0.64
19235,263251,224285,2009-12-10,0.38
19259,263251,224285,2009-12-11,0.3
19283,263251,224285,2009-12-12,1.0
19307,263251,224285,2009-12-13,1.0
19331,263251,224285,2009-12-14,0.95
19355,263251,224285,2009-12-15,1.0
19379,263251,224285,2009-12-16,1.0
19403,263251,224285,2009-12-17,0.72
19427,263251,224285,2009-12-18,0.75
19451,263251,224285,2009-12-19,0.68
19475,263251,224285,2009-12-20,0.58
19499,263251,224285,2009-12-21,0.73
19523,263251,224285,2009-12-22,0.94
19547,263251,224285,2009-12-23,0.7
19571,263251,224285,2009-12-24,0.56
19595,263251,224285,2009-12-25,0.45
19619,263251,224285,2009-12-26,0.42
19643,263251,224285,2009-12-27,0.5
19667,263251,224285,2009-12-28,0.52
19691,263251,224285,2009-12-29,0.85
19715,263251,224285,2009-12-30,1.0
19739,263251,224285,2009-12-31,0.85
19763,263251,224285,2010-01-01,1.0
19787,263251,224285,2010-01-02,0.86
19811,263251,224285,2010-01-03,0.65
19835,263251,224285,2010-01-04,0.49
19859,263251,224285,2010-01-05,0.48
19883,263251,224285,2010-01-06,1.0
19907,263251,224285,2010-01-07,0.87
19931,263251,224285,2010-01-08,0.74
19955,263251,224285,2010-01-09,0.92
19979,263251,224285,2010-01-10,0.67
20003,263251,224285,2010-01-11,0.62
20027,263251,224285,2010-01-12,0.58
20051,263251,224285,2010-01-13,1.0
20075,263251,224285,2010-01-14,0.66
20099,263251,224285,2010-01-15,0.37
20123,263251,224285,2010-01-16,0.43
20147,263251,224285,2010-01-17,0.48
20171,263251,224285,2010-01-18,0.61
20195,263251,224285,2010-01-19,0.8
20219,263251,224285,2010-01-20,0.81
20243,263251,224285,2010-01-21,0.65
20267,263251,224285,2010-01-22,1.0
20291,263251,224285,2010-01-23,0.99
20315,263251,224285,2010-01-24,0.74
20339,263251,224285,2010-01-25,0.95
20363,263251,224285,2010-01-26,1.0
20387,263251,224285,2010-01-27,1.0
20411,263251,224285,2010-01-28,0.88
20435,263251,224285,2010-01-29,0.62
20459,263251,224285,2010-01-30,0.95
20483,263251,224285,2010-01-31,1.0
20507,263251,224285,2010-02-01,0.98
20531,263251,224285,2010-02-02,0.78
20555,263251,224285,2010-02-03,0.91
20579,263251,224285,2010-02-04,0.71
20603,263251,224285,2010-02-05,0.97
20627,263251,224285,2010-02-06,0.62
20651,263251,224285,2010-02-07,0.71
20675,263251,224285,2010-02-08,0.84
20699,263251,224285,2010-02-09,0.7
20723,263251,224285,2010-02-10,0.54
20747,263251,224285,2010-02-11,0.84
20771,263251,224285,2010-02-12,0.83
20795,263251,224285,2010-02-13,0.9
20819,263251,224285,2010-02-14,0.5
20843,263251,224285,2010-02-15,0.88
20867,263251,224285,2010-02-16,0.74
20891,263251,224285,2010-02-17,0.78
20915,263251,224285,2010-02-18,0.59
20939,263251,224285,2010-02-19,0.76
20963,263251,224285,2010-02-20,0.61
20987,263251,224285,2010-02-21,0.45
21011,263251,224285,2010-02-22,0.63
21035,263251,224285,2010-02-23,0.31
21059,263251,224285,2010-02-24,1.0
21083,263251,224285,2010-02-25,0.91
21107,263251,224285,2010-02-26,0.53
21131,263251,224285,2010-02-27,0.89
21155,263251,224285,2010-02-28,1.0
21179,263251,224285,2010-03-01,0.54
21203,263251,224285,2010-03-02,0.43
21227,263251,224285,2010-03-03,0.73
21251,263251,224285,2010-03-04,0.84
21275,263251,224285,2010-03-05,0.58
21299,263251,224285,2010-03-06,0.45
21323,263251,224285,2010-03-07,0.55
21347,263251,224285,2010-03-08,0.64
21371,263251,224285,2010-03-09,0.72
21395,263251,224285,2010-03-10,0.87
21419,263251,224285,2010-03-11,0.49
21443,263251,224285,2010-03-12,0.53
21467,263251,224285,2010-03-13,0.96
21491,263251,224285,2010-03-14,0.69
21515,263251,224285,2010-03-15,0.29
21539,263251,224285,2010-03-16,0.27
21563,263251,224285,2010-03-17,0.49
21587,263251,224285,2010-03-18,0.55
21611,263251,224285,2010-03-19,0.3
21635,263251,224285,2010-03-20,0.25
21659,263251,224285,2010-03-21,0.27
21683,263251,224285,2010-03-22,0.78
21707,263251,224285,2010-03-23,0.58
21731,263251,224285,2010-03-24,0.37
21755,263251,224285,2010-03-25,1.0
21779,263251,224285,2010-03-26,0.61
21803,263251,224285,2010-03-27,0.51
21827,263251,224285,2010-03-28,0.28
21851,263251,224285,2010-03-29,0.42
21875,263251,224285,2010-03-30,1.0
21899,263251,224285,2010-03-31,0.7
21923,263251,224285,2010-04-01,0.77
21947,263251,224285,2010-04-02,0.73
21971,263251,224285,2010-04-03,0.78
21995,263251,224285,2010-04-04,0.66
22019,263251,224285,2010-04-05,0.86
22043,263251,224285,2010-04-06,0.54
22067,263251,224285,2010-04-07,0.51
22091,263251,224285,2010-04-08,0.81
22115,263251,224285,2010-04-09,0.35
22139,263251,224285,2010-04-10,0.27
22163,263251,224285,2010-04-11,0.48
22187,263251,224285,2010-04-12,0.69
22211,263251,224285,2010-04-13,0.77
22235,263251,224285,2010-04-14,0.31
22259,263251,224285,2010-04-15,0.35
22283,263251,224285,2010-04-16,0.26
22307,263251,224285,2010-04-17,0.36
22331,263251,224285,2010-04-18,0.17
22355,263251,224285,2010-04-19,0.2
22379,263251,224285,2010-04-20,0.29
22403,263251,224285,2010-04-21,0.74
22427,263251,224285,2010-04-22,0.88
22451,263251,224285,2010-04-23,0.43
22475,263251,224285,2010-04-24,0.49
22499,263251,224285,2010-04-25,0.36
22523,263251,224285,2010-04-26,0.36
22547,263251,224285,2010-04-27,0.36
22571,263251,224285,2010-04-28,0.79
22595,263251,224285,2010-04-29,0.76
22619,263251,224285,2010-04-30,0.8
22643,263251,224285,2010-05-01,1.0
22667,263251,224285,2010-05-02,0.68
22691,263251,224285,2010-05-03,0.4
22715,263251,224285,2010-05-04,0.3
22739,263251,224285,2010-05-05,0.56
22763,263251,224285,2010-05-06,0.64
22787,263251,224285,2010-05-07,0.27
22811,263251,224285,2010-05-08,0.56
22835,263251,224285,2010-05-09,0.51
22859,263251,224285,2010-05-10,0.94
22883,263251,224285,2010-05-11,1.0
22907,263251,224285,2010-05-12,0.6
22931,263251,224285,2010-05-13,0.53
22955,263251,224285,2010-05-14,0.3
22979,263251,224285,2010-05-15,0.25
23003,263251,224285,2010-05-16,0.21
23027,263251,224285,2010-05-17,0.6
23051,263251,224285,2010-05-18,1.0
23075,263251,224285,2010-05-19,0.55
23099,263251,224285,2010-05-20,0.62
23123,263251,224285,2010-05-21,0.52
23147,263251,224285,2010-05-22,1.0
23171,263251,224285,2010-05-23,0.8
23195,263251,224285,2010-05-24,0.78
23219,263251,224285,2010-05-25,0.37
23243,263251,224285,2010-05-26,0.63
23267,263251,224285,2010-05-27,0.99
23291,263251,224285,2010-05-28,0.94
23315,263251,224285,2010-05-29,0.83
23339,263251,224285,2010-05-30,0.51
23363,263251,224285,2010-05-31,0.84
23387,263251,224285,2010-06-01,0.68
23411,263251,224285,2010-06-02,0.8
23435,263251,224285,2010-06-03,0.81
23459,263251,224285,2010-06-04,0.88
23483,263251,224285,2010-06-05,0.81
23507,263251,224285,2010-06-06,0.71
23531,263251,224285,2010-06-07,0.67
23555,263251,224285,2010-06-08,0.35
23579,263251,224285,2010-06-09,0.67
23603,263251,224285,2010-06-10,0.98
23627,263251,224285,2010-06-11,0.62
23651,263251,224285,2010-06-12,0.55
23675,263251,224285,2010-06-13,0.59
23699,263251,224285,2010-06-14,0.29
23723,263251,224285,2010-06-15,0.47
23747,263251,224285,2010-06-16,0.59
23771,263251,224285,2010-06-17,0.6
23795,263251,224285,2010-06-18,0.29
23819,263251,224285,2010-06-19,0.45
23843,263251,224285,2010-06-20,0.73
23867,263251,224285,2010-06-21,0.67
23891,263251,224285,2010-06-22,0.45
23915,263251,224285,2010-06-23,0.24
23939,263251,224285,2010-06-24,0.46
23963,263251,224285,2010-06-25,0.5
23987,263251,224285,2010-06-26,0.45
24011,263251,224285,2010-06-27,0.31
24035,263251,224285,2010-06-28,0.21
24059,263251,224285,2010-06-29,0.37
24083,263251,224285,2010-06-30,0.39
24107,263251,224285,2010-07-01,0.37
24131,263251,224285,2010-07-02,0.52
24155,263251,224285,2010-07-03,0.57
24179,263251,224285,2010-07-04,0.41
24203,263251,224285,2010-07-05,0.25
24227,263251,224285,2010-07-06,0.36
24251,263251,224285,2010-07-07,0.23
24275,263251,224285,2010-07-08,0.16
24299,263251,224285,2010-07-09,0.18
24323,263251,224285,2010-07-10,0.19
24347,263251,224285,2010-07-11,0.3
24371,263251,224285,2010-07-12,0.36
24395,263251,224285,2010-07-13,0.22
24419,263251,224285,2010-07-14,0.2
24443,263251,224285,2010-07-15,0.14
24467,263251,224285,2010-07-16,0.18
24491,263251,224285,2010-07-17,0.19
24515,263251,224285,2010-07-18,0.19
24539,263251,224285,2010-07-19,0.22
24563,263251,224285,2010-07-20,0.11
24587,263251,224285,2010-07-21,0.2
24611,263251,224285,2010-07-22,0.2
24635,263251,224285,2010-07-23,0.19
24659,263251,224285,2010-07-24,0.14
24683,263251,224285,2010-07-25,0.12
24707,263251,224285,2010-07-26,0.34
24731,263251,224285,2010-07-27,0.35
24755,263251,224285,2010-07-28,0.31
24779,263251,224285,2010-07-29,0.27
24803,263251,224285,2010-07-30,0.24
24827,263251,224285,2010-07-31,0.13
24851,263251,224285,2010-08-01,0.27
24875,263251,224285,2010-08-02,0.13
24899,263251,224285,2010-08-03,0.2
24923,263251,224285,2010-08-04,0.13
24947,263251,224285,2010-08-05,0.12
24971,263251,224285,2010-08-06,0.28
24995,263251,224285,2010-08-07,0.31
25019,263251,224285,2010-08-08,0.27
25043,263251,224285,2010-08-09,0.49
25067,263251,224285,2010-08-10,0.24
25091,263251,224285,2010-08-11,0.43
25115,263251,224285,2010-08-12,0.56
25139,263251,224285,2010-08-13,0.23
25163,263251,224285,2010-08-14,0.28
25187,263251,224285,2010-08-15,0.21
25211,263251,224285,2010-08-16,0.16
25235,263251,224285,2010-08-17,0.13
25259,263251,224285,2010-08-18,0.24
25283,263251,224285,2010-08-19,0.23
25307,263251,224285,2010-08-20,0.17
25331,263251,224285,2010-08-21,0.06
25355,263251,224285,2010-08-22,0.3
25379,263251,224285,2010-08-23,0.34
25403,263251,224285,2010-08-24,0.14
25427,263251,224285,2010-08-25,0.1
25451,263251,224285,2010-08-26,0.18
25475,263251,224285,2010-08-27,0.26
25499,263251,224285,2010-08-28,0.24
25523,263251,224285,2010-08-29,0.75
25547,263251,224285,2010-08-30,0.47
25571,263251,224285,2010-08-31,0.64
25595,263251,224285,2010-09-01,0.57
25619,263251,224285,2010-09-02,0.28
25643,263251,224285,2010-09-03,0.2
25667,263251,224285,2010-09-04,0.18
25691,263251,224285,2010-09-05,0.24
25715,263251,224285,2010-09-06,0.31
25739,263251,224285,2010-09-07,0.11
25763,263251,224285,2010-09-08,0.86
25787,263251,224285,2010-09-09,0.95
25811,263251,224285,2010-09-10,0.63
25835,263251,224285,2010-09-11,0.29
25859,263251,224285,2010-09-12,0.18
25883,263251,224285,2010-09-13,0.17
25907,263251,224285,2010-09-14,0.36
25931,263251,224285,2010-09-15,0.17
25955,263251,224285,2010-09-16,0.21
25979,263251,224285,2010-09-17,0.2
26003,263251,224285,2010-09-18,0.26
26027,263251,224285,2010-09-19,0.18
26051,263251,224285,2010-09-20,0.56
26075,263251,224285,2010-09-21,0.26
26099,263251,224285,2010-09-22,0.42
26123,263251,224285,2010-09-23,0.27
26147,263251,224285,2010-09-24,0.25
26171,263251,224285,2010-09-25,0.12
26195,263251,224285,2010-09-26,0.12
26219,263251,224285,2010-09-27,0.1
26243,263251,224285,2010-09-28,0.1
26267,263251,224285,2010-09-29,0.19
26291,263251,224285,2010-09-30,0.15
26315,263251,224285,2010-10-01,0.11
26339,263251,224285,2010-10-02,0.15
26363,263251,224285,2010-10-03,0.35
26387,263251,224285,2010-10-04,0.73
26411,263251,224285,2010-10-05,0.92
26435,263251,224285,2010-10-06,0.6
26459,263251,224285,2010-10-07,0.75
26483,263251,224285,2010-10-08,0.96
26507,263251,224285,2010-10-09,0.61
26531,263251,224285,2010-10-10,0.71
26555,263251,224285,2010-10-11,0.73
26579,263251,224285,2010-10-12,0.34
26603,263251,224285,2010-10-13,0.16
26627,263251,224285,2010-10-14,0.23
26651,263251,224285,2010-10-15,0.48
26675,263251,224285,2010-10-16,0.48
26699,263251,224285,2010-10-17,0.41
26723,263251,224285,2010-10-18,0.41
26747,263251,224285,2010-10-19,0.24
26771,263251,224285,2010-10-20,0.19
26795,263251,224285,2010-10-21,0.27
26819,263251,224285,2010-10-22,0.46
26843,263251,224285,2010-10-23,1.0
26867,263251,224285,2010-10-24,1.0
26891,263251,224285,2010-10-25,0.74
26915,263251,224285,2010-10-26,1.0
26939,263251,224285,2010-10-27,0.59
26963,263251,224285,2010-10-28,0.3
26987,263251,224285,2010-10-29,0.27
27011,263251,224285,2010-10-30,0.47
27035,263251,224285,2010-10-31,0.83
27059,263251,224285,2010-11-01,0.56
27083,263251,224285,2010-11-02,0.39
27107,263251,224285,2010-11-03,0.35
27131,263251,224285,2010-11-04,0.38
27155,263251,224285,2010-11-05,0.43
27179,263251,224285,2010-11-06,0.47
27203,263251,224285,2010-11-07,1.0
27227,263251,224285,2010-11-08,0.9
27251,263251,224285,2010-11-09,0.75
27275,263251,224285,2010-11-10,1.0
27299,263251,224285,2010-11-11,0.83
27323,263251,224285,2010-11-12,0.82
27347,263251,224285,2010-11-13,0.63
27371,263251,224285,2010-11-14,1.0
27395,263251,224285,2010-11-15,0.97
27419,263251,224285,2010-11-16,0.65
27443,263251,224285,2010-11-17,0.56
27467,263251,224285,2010-11-18,0.21
27491,263251,224285,2010-11-19,0.75
27515,263251,224285,2010-11-20,0.98
27539,263251,224285,2010-11-21,0.98
27563,263251,224285,2010-11-22,0.98
27587,263251,224285,2010-11-23,0.9
27611,263251,224285,2010-11-24,0.85
27635,263251,224285,2010-11-25,0.48
27659,263251,224285,2010-11-26,0.31
27683,263251,224285,2010-11-27,1.0
27707,263251,224285,2010-11-28,0.96
27731,263251,224285,2010-11-29,0.89
27755,263251,224285,2010-11-30,0.93
27779,263251,224285,2010-12-01,1.0
27803,263251,224285,2010-12-02,0.79
27827,263251,224285,2010-12-03,1.0
27851,263251,224285,2010-12-04,1.0
27875,263251,224285,2010-12-05,0.83
27899,263251,224285,2010-12-06,1.0
27923,263251,224285,2010-12-07,0.76
27947,263251,224285,2010-12-08,0.57
27971,263251,224285,2010-12-09,0.98
27995,263251,224285,2010-12-10,0.97
28019,263251,224285,2010-12-11,0.96
28043,263251,224285,2010-12-12,0.72
28067,263251,224285,2010-12-13,0.52
28091,263251,224285,2010-12-14,1.0
28115,263251,224285,2010-12-15,0.69
28139,263251,224285,2010-12-16,0.66
28163,263251,224285,2010-12-17,0.62
28187,263251,224285,2010-12-18,0.99
28211,263251,224285,2010-12-19,1.0
28235,263251,224285,2010-12-20,0.98
28259,263251,224285,2010-12-21,0.72
28283,263251,224285,2010-12-22,0.76
28307,263251,224285,2010-12-23,0.83
28331,263251,224285,2010-12-24,0.53
28355,263251,224285,2010-12-25,0.35
28379,263251,224285,2010-12-26,0.7
28403,263251,224285,2010-12-27,0.82
28427,263251,224285,2010-12-28,1.0
28451,263251,224285,2010-12-29,0.97
28475,263251,224285,2010-12-30,0.93
28499,263251,224285,2010-12-31,0.93
28523,263251,224285,2011-01-01,0.88
28547,263251,224285,2011-01-02,0.82
28571,263251,224285,2011-01-03,0.57
28595,263251,224285,2011-01-04,0.72
28619,263251,224285,2011-01-05,0.49
28643,263251,224285,2011-01-06,0.25
28667,263251,224285,2011-01-07,0.37
28691,263251,224285,2011-01-08,0.92
28715,263251,224285,2011-01-09,0.68
28739,263251,224285,2011-01-10,0.81
28763,263251,224285,2011-01-11,0.49
28787,263251,224285,2011-01-12,0.83
28811,263251,224285,2011-01-13,0.95
28835,263251,224285,2011-01-14,0.78
28859,263251,224285,2011-01-15,0.74
28883,263251,224285,2011-01-16,1.0
28907,263251,224285,2011-01-17,0.77
28931,263251,224285,2011-01-18,0.56
28955,263251,224285,2011-01-19,0.8
28979,263251,224285,2011-01-20,0.68
29003,263251,224285,2011-01-21,0.6
29027,263251,224285,2011-01-22,0.64
29051,263251,224285,2011-01-23,0.36
29075,263251,224285,2011-01-24,0.79
29099,263251,224285,2011-01-25,0.75
29123,263251,224285,2011-01-26,0.51
29147,263251,224285,2011-01-27,0.28
29171,263251,224285,2011-01-28,0.37
29195,263251,224285,2011-01-29,0.45
29219,263251,224285,2011-01-30,0.76
29243,263251,224285,2011-01-31,0.77
29267,263251,224285,2011-02-01,0.41
29291,263251,224285,2011-02-02,0.31
29315,263251,224285,2011-02-03,0.34
29339,263251,224285,2011-02-04,0.63
29363,263251,224285,2011-02-05,0.78
29387,263251,224285,2011-02-06,1.0
29411,263251,224285,2011-02-07,0.55
29435,263251,224285,2011-02-08,0.81
29459,263251,224285,2011-02-09,0.68
29483,263251,224285,2011-02-10,0.48
29507,263251,224285,2011-02-11,0.35
29531,263251,224285,2011-02-12,0.26
29555,263251,224285,2011-02-13,0.23
29579,263251,224285,2011-02-14,0.33
29603,263251,224285,2011-02-15,0.34
29627,263251,224285,2011-02-16,0.99
29651,263251,224285,2011-02-17,0.66
29675,263251,224285,2011-02-18,0.74
29699,263251,224285,2011-02-19,0.99
29723,263251,224285,2011-02-20,0.96
29747,263251,224285,2011-02-21,0.56
29771,263251,224285,2011-02-22,0.73
29795,263251,224285,2011-02-23,0.59
29819,263251,224285,2011-02-24,0.85
29843,263251,224285,2011-02-25,0.84
29867,263251,224285,2011-02-26,0.53
29891,263251,224285,2011-02-27,0.64
29915,263251,224285,2011-02-28,0.56
29939,263251,224285,2011-03-01,0.32
29963,263251,224285,2011-03-02,0.61
29987,263251,224285,2011-03-03,0.79
30011,263251,224285,2011-03-04,0.6
30035,263251,224285,2011-03-05,0.95
30059,263251,224285,2011-03-06,1.0
30083,263251,224285,2011-03-07,0.98
30107,263251,224285,2011-03-08,0.97
30131,263251,224285,2011-03-09,0.83
30155,263251,224285,2011-03-10,0.47
30179,263251,224285,2011-03-11,0.65
30203,263251,224285,2011-03-12,0.53
30227,263251,224285,2011-03-13,0.51
30251,263251,224285,2011-03-14,0.7
30275,263251,224285,2011-03-15,0.94
30299,263251,224285,2011-03-16,1.0
30323,263251,224285,2011-03-17,0.91
30347,263251,224285,2011-03-18,0.41
30371,263251,224285,2011-03-19,0.67
30395,263251,224285,2011-03-20,0.56
30419,263251,224285,2011-03-21,0.8
30443,263251,224285,2011-03-22,0.97
30467,263251,224285,2011-03-23,0.62
30491,263251,224285,2011-03-24,0.7
30515,263251,224285,2011-03-25,0.73
30539,263251,224285,2011-03-26,0.99
30563,263251,224285,2011-03-27,0.97
30587,263251,224285,2011-03-28,0.97
30611,263251,224285,2011-03-29,0.62
30635,263251,224285,2011-03-30,0.88
30659,263251,224285,2011-03-31,0.54
30683,263251,224285,2011-04-01,0.36
30707,263251,224285,2011-04-02,0.95
30731,263251,224285,2011-04-03,0.6
30755,263251,224285,2011-04-04,0.39
30779,263251,224285,2011-04-05,0.95
30803,263251,224285,2011-04-06,0.48
30827,263251,224285,2011-04-07,0.79
30851,263251,224285,2011-04-08,0.7
30875,263251,224285,2011-04-09,0.68
30899,263251,224285,2011-04-10,0.61
30923,263251,224285,2011-04-11,0.57
30947,263251,224285,2011-04-12,0.53
30971,263251,224285,2011-04-13,0.66
30995,263251,224285,2011-04-14,0.54
31019,263251,224285,2011-04-15,0.52
31043,263251,224285,2011-04-16,0.74
31067,263251,224285,2011-04-17,0.83
31091,263251,224285,2011-04-18,0.9
31115,263251,224285,2011-04-19,0.34
31139,263251,224285,2011-04-20,0.55
31163,263251,224285,2011-04-21,0.99
31187,263251,224285,2011-04-22,0.42
31211,263251,224285,2011-04-23,0.3
31235,263251,224285,2011-04-24,0.81
31259,263251,224285,2011-04-25,0.9
31283,263251,224285,2011-04-26,0.86
31307,263251,224285,2011-04-27,0.4
31331,263251,224285,2011-04-28,0.55
31355,263251,224285,2011-04-29,0.96
31379,263251,224285,2011-04-30,0.63
31403,263251,224285,2011-05-01,0.37
31427,263251,224285,2011-05-02,0.31
31451,263251,224285,2011-05-03,0.53
31475,263251,224285,2011-05-04,0.46
31499,263251,224285,2011-05-05,0.27
31523,263251,224285,2011-05-06,0.45
31547,263251,224285,2011-05-07,0.76
31571,263251,224285,2011-05-08,0.94
31595,263251,224285,2011-05-09,0.73
31619,263251,224285,2011-05-10,0.66
31643,263251,224285,2011-05-11,0.36
31667,263251,224285,2011-05-12,0.32
31691,263251,224285,2011-05-13,0.28
31715,263251,224285,2011-05-14,0.39
31739,263251,224285,2011-05-15,0.98
31763,263251,224285,2011-05-16,0.98
31787,263251,224285,2011-05-17,0.52
31811,263251,224285,2011-05-18,0.91
31835,263251,224285,2011-05-19,0.55
31859,263251,224285,2011-05-20,0.58
31883,263251,224285,2011-05-21,0.48
31907,263251,224285,2011-05-22,0.56
31931,263251,224285,2011-05-23,1.0
31955,263251,224285,2011-05-24,0.61
31979,263251,224285,2011-05-25,0.45
32003,263251,224285,2011-05-26,0.99
32027,263251,224285,2011-05-27,0.97
32051,263251,224285,2011-05-28,0.98
32075,263251,224285,2011-05-29,0.94
32099,263251,224285,2011-05-30,1.0
32123,263251,224285,2011-05-31,0.54
32147,263251,224285,2011-06-01,0.57
32171,263251,224285,2011-06-02,1.0
32195,263251,224285,2011-06-03,0.48
32219,263251,224285,2011-06-04,0.26
32243,263251,224285,2011-06-05,0.22
32267,263251,224285,2011-06-06,0.89
32291,263251,224285,2011-06-07,1.0
32315,263251,224285,2011-06-08,0.5
32339,263251,224285,2011-06-09,0.67
32363,263251,224285,2011-06-10,0.46
32387,263251,224285,2011-06-11,0.45
32411,263251,224285,2011-06-12,0.54
32435,263251,224285,2011-06-13,0.78
32459,263251,224285,2011-06-14,0.48
32483,263251,224285,2011-06-15,0.52
32507,263251,224285,2011-06-16,0.51
32531,263251,224285,2011-06-17,0.34
32555,263251,224285,2011-06-18,0.42
32579,263251,224285,2011-06-19,0.8
32603,263251,224285,2011-06-20,0.63
32627,263251,224285,2011-06-21,0.39
32651,263251,224285,2011-06-22,0.34
32675,263251,224285,2011-06-23,0.51
32699,263251,224285,2011-06-24,0.42
32723,263251,224285,2011-06-25,0.33
32747,263251,224285,2011-06-26,0.35
32771,263251,224285,2011-06-27,0.27
32795,263251,224285,2011-06-28,0.29
32819,263251,224285,2011-06-29,0.9
32843,263251,224285,2011-06-30,0.62
32867,263251,224285,2011-07-01,0.39
32891,263251,224285,2011-07-02,0.22
32915,263251,224285,2011-07-03,0.39
32939,263251,224285,2011-07-04,0.33
32963,263251,224285,2011-07-05,0.39
32987,263251,224285,2011-07-06,0.22
33011,263251,224285,2011-07-07,0.42
33035,263251,224285,2011-07-08,0.46
33059,263251,224285,2011-07-09,0.2
33083,263251,224285,2011-07-10,0.28
33107,263251,224285,2011-07-11,0.28
33131,263251,224285,2011-07-12,0.34
33155,263251,224285,2011-07-13,0.47
33179,263251,224285,2011-07-14,0.52
33203,263251,224285,2011-07-15,0.31
33227,263251,224285,2011-07-16,0.44
33251,263251,224285,2011-07-17,0.17
33275,263251,224285,2011-07-18,0.25
33299,263251,224285,2011-07-19,0.43
33323,263251,224285,2011-07-20,0.34
33347,263251,224285,2011-07-21,0.35
33371,263251,224285,2011-07-22,0.48
33395,263251,224285,2011-07-23,0.18
33419,263251,224285,2011-07-24,0.16
33443,263251,224285,2011-07-25,0.15
33467,263251,224285,2011-07-26,0.41
33491,263251,224285,2011-07-27,0.27
33515,263251,224285,2011-07-28,0.24
33539,263251,224285,2011-07-29,0.16
33563,263251,224285,2011-07-30,0.22
33587,263251,224285,2011-07-31,0.31
33611,263251,224285,2011-08-01,0.43
33635,263251,224285,2011-08-02,0.24
33659,263251,224285,2011-08-03,0.14
33683,263251,224285,2011-08-04,0.29
33707,263251,224285,2011-08-05,0.29
33731,263251,224285,2011-08-06,0.2
33755,263251,224285,2011-08-07,0.25
33779,263251,224285,2011-08-08,0.22
33803,263251,224285,2011-08-09,0.27
33827,263251,224285,2011-08-10,0.22
33851,263251,224285,2011-08-11,0.27
33875,263251,224285,2011-08-12,0.19
33899,263251,224285,2011-08-13,0.24
33923,263251,224285,2011-08-14,0.12
33947,263251,224285,2011-08-15,0.32
33971,263251,224285,2011-08-16,0.2
33995,263251,224285,2011-08-17,0.15
34019,263251,224285,2011-08-18,0.2
34043,263251,224285,2011-08-19,0.18
34067,263251,224285,2011-08-20,0.15
34091,263251,224285,2011-08-21,0.12
34115,263251,224285,2011-08-22,0.18
34139,263251,224285,2011-08-23,0.25
34163,263251,224285,2011-08-24,0.14
34187,263251,224285,2011-08-25,0.23
34211,263251,224285,2011-08-26,0.18
34235,263251,224285,2011-08-27,0.25
34259,263251,224285,2011-08-28,0.25
34283,263251,224285,2011-08-29,0.26
34307,263251,224285,2011-08-30,0.17
34331,263251,224285,2011-08-31,0.31
34355,263251,224285,2011-09-01,0.16
34379,263251,224285,2011-09-02,0.17
34403,263251,224285,2011-09-03,0.23
34427,263251,224285,2011-09-04,0.12
34451,263251,224285,2011-09-05,0.1
34475,263251,224285,2011-09-06,0.15
34499,263251,224285,2011-09-07,0.17
34523,263251,224285,2011-09-08,0.16
34547,263251,224285,2011-09-09,0.24
34571,263251,224285,2011-09-10,0.18
34595,263251,224285,2011-09-11,0.25
34619,263251,224285,2011-09-12,0.31
34643,263251,224285,2011-09-13,0.31
34667,263251,224285,2011-09-14,0.27
34691,263251,224285,2011-09-15,0.33
34715,263251,224285,2011-09-16,0.51
34739,263251,224285,2011-09-17,0.39
34763,263251,224285,2011-09-18,0.29
34787,263251,224285,2011-09-19,0.33
34811,263251,224285,2011-09-20,0.28
34835,263251,224285,2011-09-21,0.28
34859,263251,224285,2011-09-22,0.15
34883,263251,224285,2011-09-23,0.1
34907,263251,224285,2011-09-24,0.1
34931,263251,224285,2011-09-25,0.27
34955,263251,224285,2011-09-26,0.36
34979,263251,224285,2011-09-27,0.23
35003,263251,224285,2011-09-28,0.43
35027,263251,224285,2011-09-29,0.22
35051,263251,224285,2011-09-30,0.16
35075,263251,224285,2011-10-01,0.26
35099,263251,224285,2011-10-02,0.29
35123,263251,224285,2011-10-03,0.26
35147,263251,224285,2011-10-04,0.85
35171,263251,224285,2011-10-05,0.99
35195,263251,224285,2011-10-06,0.97
35219,263251,224285,2011-10-07,1.0
35243,263251,224285,2011-10-08,0.56
35267,263251,224285,2011-10-09,0.45
35291,263251,224285,2011-10-10,0.77
35315,263251,224285,2011-10-11,0.55
35339,263251,224285,2011-10-12,0.46
35363,263251,224285,2011-10-13,0.24
35387,263251,224285,2011-10-14,0.41
35411,263251,224285,2011-10-15,0.47
35435,263251,224285,2011-10-16,0.55
35459,263251,224285,2011-10-17,0.7
35483,263251,224285,2011-10-18,0.23
35507,263251,224285,2011-10-19,0.4
35531,263251,224285,2011-10-20,0.42
35555,263251,224285,2011-10-21,0.52
35579,263251,224285,2011-10-22,0.51
35603,263251,224285,2011-10-23,0.33
35627,263251,224285,2011-10-24,0.71
35651,263251,224285,2011-10-25,0.35
35675,263251,224285,2011-10-26,0.55
35699,263251,224285,2011-10-27,0.25
35723,263251,224285,2011-10-28,0.16
35747,263251,224285,2011-10-29,0.56
35771,263251,224285,2011-10-30,0.45
35795,263251,224285,2011-10-31,0.86
35819,263251,224285,2011-11-01,0.66
35843,263251,224285,2011-11-02,0.32
35867,263251,224285,2011-11-03,0.21
35891,263251,224285,2011-11-04,0.99
35915,263251,224285,2011-11-05,0.96
35939,263251,224285,2011-11-06,0.95
35963,263251,224285,2011-11-07,0.83
35987,263251,224285,2011-11-08,0.62
36011,263251,224285,2011-11-09,0.36
36035,263251,224285,2011-11-10,0.25
36059,263251,224285,2011-11-11,0.25
36083,263251,224285,2011-11-12,0.64
36107,263251,224285,2011-11-13,0.7
36131,263251,224285,2011-11-14,0.42
36155,263251,224285,2011-11-15,0.87
36179,263251,224285,2011-11-16,0.6
36203,263251,224285,2011-11-17,0.64
36227,263251,224285,2011-11-18,0.58
36251,263251,224285,2011-11-19,0.73
36275,263251,224285,2011-11-20,0.43
36299,263251,224285,2011-11-21,0.84
36323,263251,224285,2011-11-22,0.6
36347,263251,224285,2011-11-23,0.41
36371,263251,224285,2011-11-24,0.36
36395,263251,224285,2011-11-25,0.75
36419,263251,224285,2011-11-26,0.42
36443,263251,224285,2011-11-27,0.29
36467,263251,224285,2011-11-28,0.78
36491,263251,224285,2011-11-29,0.69
36515,263251,224285,2011-11-30,0.96
36539,263251,224285,2011-12-01,0.44
36563,263251,224285,2011-12-02,0.62
36587,263251,224285,2011-12-03,0.51
36611,263251,224285,2011-12-04,0.63
36635,263251,224285,2011-12-05,0.66
36659,263251,224285,2011-12-06,0.33
36683,263251,224285,2011-12-07,0.35
36707,263251,224285,2011-12-08,0.49
36731,263251,224285,2011-12-09,0.26
36755,263251,224285,2011-12-10,0.28
36779,263251,224285,2011-12-11,0.27
36803,263251,224285,2011-12-12,0.53
36827,263251,224285,2011-12-13,0.65
36851,263251,224285,2011-12-14,0.52
36875,263251,224285,2011-12-15,0.8
36899,263251,224285,2011-12-16,0.77
36923,263251,224285,2011-12-17,0.43
36947,263251,224285,2011-12-18,0.55
36971,263251,224285,2011-12-19,0.38
36995,263251,224285,2011-12-20,0.55
37019,263251,224285,2011-12-21,0.66
37043,263251,224285,2011-12-22,0.63
37067,263251,224285,2011-12-23,0.16
37091,263251,224285,2011-12-24,0.24
37115,263251,224285,2011-12-25,0.28
37139,263251,224285,2011-12-26,0.39
37163,263251,224285,2011-12-27,0.7
37187,263251,224285,2011-12-28,0.83
37211,263251,224285,2011-12-29,0.72
37235,263251,224285,2011-12-30,0.66
37259,263251,224285,2011-12-31,0.61
37283,263251,224285,2012-01-01,0.29
37307,263251,224285,2012-01-02,0.23
37331,263251,224285,2012-01-03,0.29
37355,263251,224285,2012-01-04,0.22
37379,263251,224285,2012-01-05,0.46
37403,263251,224285,2012-01-06,0.69
37427,263251,224285,2012-01-07,0.94
37451,263251,224285,2012-01-08,0.62
37475,263251,224285,2012-01-09,0.52
37499,263251,224285,2012-01-10,0.65
37523,263251,224285,2012-01-11,0.69
37547,263251,224285,2012-01-12,0.27
37571,263251,224285,2012-01-13,0.15
37595,263251,224285,2012-01-14,0.23
37619,263251,224285,2012-01-15,0.75
37643,263251,224285,2012-01-16,0.8
37667,263251,224285,2012-01-17,0.52
37691,263251,224285,2012-01-18,0.98
37715,263251,224285,2012-01-19,0.95
37739,263251,224285,2012-01-20,0.89
37763,263251,224285,2012-01-21,1.0
37787,263251,224285,2012-01-22,0.86
37811,263251,224285,2012-01-23,1.0
37835,263251,224285,2012-01-24,0.78
37859,263251,224285,2012-01-25,0.89
37883,263251,224285,2012-01-26,1.0
37907,263251,224285,2012-01-27,0.72
37931,263251,224285,2012-01-28,0.22
37955,263251,224285,2012-01-29,0.15
37979,263251,224285,2012-01-30,0.69
38003,263251,224285,2012-01-31,0.5
38027,263251,224285,2012-02-01,1.0
38051,263251,224285,2012-02-02,0.64
38075,263251,224285,2012-02-03,0.52
38099,263251,224285,2012-02-04,0.37
38123,263251,224285,2012-02-05,0.31
38147,263251,224285,2012-02-06,0.26
38171,263251,224285,2012-02-07,0.29
38195,263251,224285,2012-02-08,0.99
38219,263251,224285,2012-02-09,0.76
38243,263251,224285,2012-02-10,0.55
38267,263251,224285,2012-02-11,0.8
38291,263251,224285,2012-02-12,0.73
38315,263251,224285,2012-02-13,0.57
38339,263251,224285,2012-02-14,0.86
38363,263251,224285,2012-02-15,0.63
38387,263251,224285,2012-02-16,0.56
38411,263251,224285,2012-02-17,0.64
38435,263251,224285,2012-02-18,0.87
38459,263251,224285,2012-02-19,0.75
38483,263251,224285,2012-02-20,0.65
38507,263251,224285,2012-02-21,1.0
38531,263251,224285,2012-02-22,0.59
38555,263251,224285,2012-02-23,0.69
38579,263251,224285,2012-02-24,0.3
38603,263251,224285,2012-02-25,0.64
38627,263251,224285,2012-02-26,0.51
38651,263251,224285,2012-02-27,0.41
38675,263251,224285,2012-02-28,0.51
38699,263251,224285,2012-02-29,0.92
38723,263251,224285,2012-03-01,0.96
38747,263251,224285,2012-03-02,0.71
38771,263251,224285,2012-03-03,0.96
38795,263251,224285,2012-03-04,0.41
38819,263251,224285,2012-03-05,0.38
38843,263251,224285,2012-03-06,0.68
38867,263251,224285,2012-03-07,0.59
38891,263251,224285,2012-03-08,0.3
38915,263251,224285,2012-03-09,0.25
38939,263251,224285,2012-03-10,0.23
38963,263251,224285,2012-03-11,0.57
38987,263251,224285,2012-03-12,0.52
39011,263251,224285,2012-03-13,0.51
39035,263251,224285,2012-03-14,0.86
39059,263251,224285,2012-03-15,0.82
39083,263251,224285,2012-03-16,1.0
39107,263251,224285,2012-03-17,0.86
39131,263251,224285,2012-03-18,0.95
39155,263251,224285,2012-03-19,0.71
39179,263251,224285,2012-03-20,0.96
39203,263251,224285,2012-03-21,0.61
39227,263251,224285,2012-03-22,0.43
39251,263251,224285,2012-03-23,0.77
39275,263251,224285,2012-03-24,0.28
39299,263251,224285,2012-03-25,0.29
39323,263251,224285,2012-03-26,1.0
39347,263251,224285,2012-03-27,0.5
39371,263251,224285,2012-03-28,1.0
39395,263251,224285,2012-03-29,1.0
39419,263251,224285,2012-03-30,0.84
39443,263251,224285,2012-03-31,0.55
39467,263251,224285,2012-04-01,0.55
39491,263251,224285,2012-04-02,0.68
39515,263251,224285,2012-04-03,0.38
39539,263251,224285,2012-04-04,0.72
39563,263251,224285,2012-04-05,0.74
39587,263251,224285,2012-04-06,0.68
39611,263251,224285,2012-04-07,0.31
39635,263251,224285,2012-04-08,0.14
39659,263251,224285,2012-04-09,0.17
39683,263251,224285,2012-04-10,0.16
39707,263251,224285,2012-04-11,0.54
39731,263251,224285,2012-04-12,0.54
39755,263251,224285,2012-04-13,0.37
39779,263251,224285,2012-04-14,0.69
39803,263251,224285,2012-04-15,0.58
39827,263251,224285,2012-04-16,0.61
39851,263251,224285,2012-04-17,0.59
39875,263251,224285,2012-04-18,0.6
39899,263251,224285,2012-04-19,0.83
39923,263251,224285,2012-04-20,0.56
39947,263251,224285,2012-04-21,0.29
39971,263251,224285,2012-04-22,0.24
39995,263251,224285,2012-04-23,0.24
40019,263251,224285,2012-04-24,0.38
40043,263251,224285,2012-04-25,0.31
40067,263251,224285,2012-04-26,1.0
40091,263251,224285,2012-04-27,0.66
40115,263251,224285,2012-04-28,0.51
40139,263251,224285,2012-04-29,0.62
40163,263251,224285,2012-04-30,0.57
40187,263251,224285,2012-05-01,0.52
40211,263251,224285,2012-05-02,0.48
40235,263251,224285,2012-05-03,0.76
40259,263251,224285,2012-05-04,0.59
40283,263251,224285,2012-05-05,0.66
40307,263251,224285,2012-05-06,0.28
40331,263251,224285,2012-05-07,0.32
40355,263251,224285,2012-05-08,0.2
40379,263251,224285,2012-05-09,0.28
40403,263251,224285,2012-05-10,0.32
40427,263251,224285,2012-05-11,0.3
40451,263251,224285,2012-05-12,0.28
40475,263251,224285,2012-05-13,0.13
40499,263251,224285,2012-05-14,0.14
40523,263251,224285,2012-05-15,0.16
40547,263251,224285,2012-05-16,0.26
40571,263251,224285,2012-05-17,0.31
40595,263251,224285,2012-05-18,0.46
40619,263251,224285,2012-05-19,0.19
40643,263251,224285,2012-05-20,0.27
40667,263251,224285,2012-05-21,0.26
40691,263251,224285,2012-05-22,0.53
40715,263251,224285,2012-05-23,0.51
40739,263251,224285,2012-05-24,0.76
40763,263251,224285,2012-05-25,0.64
40787,263251,224285,2012-05-26,0.82
40811,263251,224285,2012-05-27,0.78
40835,263251,224285,2012-05-28,0.33
40859,263251,224285,2012-05-29,0.44
40883,263251,224285,2012-05-30,0.22
40907,263251,224285,2012-05-31,0.34
40931,263251,224285,2012-06-01,0.33
40955,263251,224285,2012-06-02,0.5
40979,263251,224285,2012-06-03,0.34
41003,263251,224285,2012-06-04,0.3
41027,263251,224285,2012-06-05,1.0
41051,263251,224285,2012-06-06,0.44
41075,263251,224285,2012-06-07,0.21
41099,263251,224285,2012-06-08,0.52
41123,263251,224285,2012-06-09,0.97
41147,263251,224285,2012-06-10,0.52
41171,263251,224285,2012-06-11,0.26
41195,263251,224285,2012-06-12,0.17
41219,263251,224285,2012-06-13,0.4
41243,263251,224285,2012-06-14,0.25
41267,263251,224285,2012-06-15,0.22
41291,263251,224285,2012-06-16,0.23
41315,263251,224285,2012-06-17,0.24
41339,263251,224285,2012-06-18,0.3
41363,263251,224285,2012-06-19,0.52
41387,263251,224285,2012-06-20,0.25
41411,263251,224285,2012-06-21,0.12
41435,263251,224285,2012-06-22,0.17
41459,263251,224285,2012-06-23,0.32
41483,263251,224285,2012-06-24,0.21
41507,263251,224285,2012-06-25,0.19
41531,263251,224285,2012-06-26,0.38
41555,263251,224285,2012-06-27,0.16
41579,263251,224285,2012-06-28,0.14
41603,263251,224285,2012-06-29,0.2
41627,263251,224285,2012-06-30,0.16
41651,263251,224285,2012-07-01,0.49
41675,263251,224285,2012-07-02,0.25
41699,263251,224285,2012-07-03,0.37
41723,263251,224285,2012-07-04,0.15
41747,263251,224285,2012-07-05,0.2
41771,263251,224285,2012-07-06,0.2
41795,263251,224285,2012-07-07,0.19
41819,263251,224285,2012-07-08,0.14
41843,263251,224285,2012-07-09,0.13
41867,263251,224285,2012-07-10,0.24
41891,263251,224285,2012-07-11,0.2
41915,263251,224285,2012-07-12,0.11
41939,263251,224285,2012-07-13,0.19
41963,263251,224285,2012-07-14,0.23
41987,263251,224285,2012-07-15,0.42
42011,263251,224285,2012-07-16,0.32
42035,263251,224285,2012-07-17,0.24
42059,263251,224285,2012-07-18,0.23
42083,263251,224285,2012-07-19,0.09
42107,263251,224285,2012-07-20,0.22
42131,263251,224285,2012-07-21,0.14
42155,263251,224285,2012-07-22,0.14
42179,263251,224285,2012-07-23,0.19
42203,263251,224285,2012-07-24,0.28
42227,263251,224285,2012-07-25,0.21
42251,263251,224285,2012-07-26,0.12
42275,263251,224285,2012-07-27,0.22
42299,263251,224285,2012-07-28,0.26
42323,263251,224285,2012-07-29,0.15
42347,263251,224285,2012-07-30,0.21
42371,263251,224285,2012-07-31,0.16
42395,263251,224285,2012-08-01,0.18
42419,263251,224285,2012-08-02,0.17
42443,263251,224285,2012-08-03,0.27
42467,263251,224285,2012-08-04,0.2
42491,263251,224285,2012-08-05,0.12
42515,263251,224285,2012-08-06,0.17
42539,263251,224285,2012-08-07,0.14
42563,263251,224285,2012-08-08,0.11
42587,263251,224285,2012-08-09,0.17
42611,263251,224285,2012-08-10,0.23
42635,263251,224285,2012-08-11,0.19
42659,263251,224285,2012-08-12,0.15
42683,263251,224285,2012-08-13,0.19
42707,263251,224285,2012-08-14,0.18
42731,263251,224285,2012-08-15,0.12
42755,263251,224285,2012-08-16,0.23
42779,263251,224285,2012-08-17,0.2
42803,263251,224285,2012-08-18,0.11
42827,263251,224285,2012-08-19,0.67
42851,263251,224285,2012-08-20,0.27
42875,263251,224285,2012-08-21,0.21
42899,263251,224285,2012-08-22,0.25
42923,263251,224285,2012-08-23,0.21
42947,263251,224285,2012-08-24,0.15
42971,263251,224285,2012-08-25,0.09
42995,263251,224285,2012-08-26,0.25
43019,263251,224285,2012-08-27,0.16
43043,263251,224285,2012-08-28,0.1
43067,263251,224285,2012-08-29,0.21
43091,263251,224285,2012-08-30,0.14
43115,263251,224285,2012-08-31,0.18
43139,263251,224285,2012-09-01,0.27
43163,263251,224285,2012-09-02,0.15
43187,263251,224285,2012-09-03,0.11
43211,263251,224285,2012-09-04,0.16
43235,263251,224285,2012-09-05,0.13
43259,263251,224285,2012-09-06,0.55
43283,263251,224285,2012-09-07,0.22
43307,263251,224285,2012-09-08,0.13
43331,263251,224285,2012-09-09,0.28
43355,263251,224285,2012-09-10,0.21
43379,263251,224285,2012-09-11,0.26
43403,263251,224285,2012-09-12,0.14
43427,263251,224285,2012-09-13,0.09
43451,263251,224285,2012-09-14,0.06
43475,263251,224285,2012-09-15,0.19
43499,263251,224285,2012-09-16,0.24
43523,263251,224285,2012-09-17,0.2
43547,263251,224285,2012-09-18,0.12
43571,263251,224285,2012-09-19,0.13
43595,263251,224285,2012-09-20,0.14
43619,263251,224285,2012-09-21,0.11
43643,263251,224285,2012-09-22,0.11
43667,263251,224285,2012-09-23,0.55
43691,263251,224285,2012-09-24,0.68
43715,263251,224285,2012-09-25,0.59
43739,263251,224285,2012-09-26,0.4
43763,263251,224285,2012-09-27,0.26
43787,263251,224285,2012-09-28,0.21
43811,263251,224285,2012-09-29,0.25
43835,263251,224285,2012-09-30,0.26
43859,263251,224285,2012-10-01,0.22
43883,263251,224285,2012-10-02,0.21
43907,263251,224285,2012-10-03,0.12
43931,263251,224285,2012-10-04,0.15
43955,263251,224285,2012-10-05,0.21
43979,263251,224285,2012-10-06,0.2
44003,263251,224285,2012-10-07,0.11
44027,263251,224285,2012-10-08,0.12
44051,263251,224285,2012-10-09,0.12
44075,263251,224285,2012-10-10,0.19
44099,263251,224285,2012-10-11,0.17
44123,263251,224285,2012-10-12,0.31
44147,263251,224285,2012-10-13,0.87
44171,263251,224285,2012-10-14,0.42
44195,263251,224285,2012-10-15,0.44
44219,263251,224285,2012-10-16,0.92
44243,263251,224285,2012-10-17,0.48
44267,263251,224285,2012-10-18,0.16
44291,263251,224285,2012-10-19,0.28
44315,263251,224285,2012-10-20,0.72
44339,263251,224285,2012-10-21,0.53
44363,263251,224285,2012-10-22,1.0
44387,263251,224285,2012-10-23,0.73
44411,263251,224285,2012-10-24,0.93
44435,263251,224285,2012-10-25,0.96
44459,263251,224285,2012-10-26,0.58
44483,263251,224285,2012-10-27,0.45
44507,263251,224285,2012-10-28,0.62
44531,263251,224285,2012-10-29,0.45
44555,263251,224285,2012-10-30,0.29
44579,263251,224285,2012-10-31,0.26
44603,263251,224285,2012-11-01,0.61
44627,263251,224285,2012-11-02,0.45
44651,263251,224285,2012-11-03,0.35
44675,263251,224285,2012-11-04,0.45
44699,263251,224285,2012-11-05,0.54
44723,263251,224285,2012-11-06,0.32
44747,263251,224285,2012-11-07,0.34
44771,263251,224285,2012-11-08,0.51
44795,263251,224285,2012-11-09,1.0
44819,263251,224285,2012-11-10,0.98
44843,263251,224285,2012-11-11,0.93
44867,263251,224285,2012-11-12,0.95
44891,263251,224285,2012-11-13,0.52
44915,263251,224285,2012-11-14,0.96
44939,263251,224285,2012-11-15,0.68
44963,263251,224285,2012-11-16,0.71
44987,263251,224285,2012-11-17,0.81
45011,263251,224285,2012-11-18,0.9
45035,263251,224285,2012-11-19,0.72
45059,263251,224285,2012-11-20,0.59
45083,263251,224285,2012-11-21,0.88
45107,263251,224285,2012-11-22,0.7
45131,263251,224285,2012-11-23,0.35
45155,263251,224285,2012-11-24,0.41
45179,263251,224285,2012-11-25,0.85
45203,263251,224285,2012-11-26,0.88
45227,263251,224285,2012-11-27,0.35
45251,263251,224285,2012-11-28,0.45
45275,263251,224285,2012-11-29,0.7
45299,263251,224285,2012-11-30,0.87
45323,263251,224285,2012-12-01,0.69
45347,263251,224285,2012-12-02,0.99
45371,263251,224285,2012-12-03,0.78
45395,263251,224285,2012-12-04,0.76
45419,263251,224285,2012-12-05,1.0
45443,263251,224285,2012-12-06,0.81
45467,263251,224285,2012-12-07,0.73
45491,263251,224285,2012-12-08,0.82
45515,263251,224285,2012-12-09,0.83
45539,263251,224285,2012-12-10,0.92
45563,263251,224285,2012-12-11,0.58
45587,263251,224285,2012-12-12,1.0
45611,263251,224285,2012-12-13,0.96
45635,263251,224285,2012-12-14,1.0
45659,263251,224285,2012-12-15,0.97
45683,263251,224285,2012-12-16,1.0
45707,263251,224285,2012-12-17,1.0
45731,263251,224285,2012-12-18,0.56
45755,263251,224285,2012-12-19,0.67
45779,263251,224285,2012-12-20,0.49
45803,263251,224285,2012-12-21,0.38
45827,263251,224285,2012-12-22,0.62
45851,263251,224285,2012-12-23,0.98
45875,263251,224285,2012-12-24,0.9
45899,263251,224285,2012-12-25,0.7
45923,263251,224285,2012-12-26,0.98
45947,263251,224285,2012-12-27,0.98
45971,263251,224285,2012-12-28,0.79
45995,263251,224285,2012-12-29,0.58
46019,263251,224285,2012-12-30,0.93
46043,263251,224285,2012-12-31,0.73
46067,263251,224285,2013-01-01,0.52
46091,263251,224285,2013-01-02,0.39
46115,263251,224285,2013-01-03,0.23
46139,263251,224285,2013-01-04,0.28
46163,263251,224285,2013-01-05,0.33
46187,263251,224285,2013-01-06,0.57
46211,263251,224285,2013-01-07,0.98
46235,263251,224285,2013-01-08,0.94
46259,263251,224285,2013-01-09,0.71
46283,263251,224285,2013-01-10,0.95
46307,263251,224285,2013-01-11,0.95
46331,263251,224285,2013-01-12,0.91
46355,263251,224285,2013-01-13,0.87
46379,263251,224285,2013-01-14,0.83
46403,263251,224285,2013-01-15,0.69
46427,263251,224285,2013-01-16,0.37
46451,263251,224285,2013-01-17,0.23
46475,263251,224285,2013-01-18,0.2
46499,263251,224285,2013-01-19,0.18
46523,263251,224285,2013-01-20,0.19
46547,263251,224285,2013-01-21,0.16
46571,263251,224285,2013-01-22,0.15
46595,263251,224285,2013-01-23,0.28
46619,263251,224285,2013-01-24,1.0
46643,263251,224285,2013-01-25,0.94
46667,263251,224285,2013-01-26,1.0
46691,263251,224285,2013-01-27,0.91
46715,263251,224285,2013-01-28,0.94
46739,263251,224285,2013-01-29,1.0
46763,263251,224285,2013-01-30,1.0
46787,263251,224285,2013-01-31,1.0
46811,263251,224285,2013-02-01,0.59
46835,263251,224285,2013-02-02,0.37
46859,263251,224285,2013-02-03,0.65
46883,263251,224285,2013-02-04,0.51
46907,263251,224285,2013-02-05,0.45
46931,263251,224285,2013-02-06,0.59
46955,263251,224285,2013-02-07,0.54
46979,263251,224285,2013-02-08,0.84
47003,263251,224285,2013-02-09,0.84
47027,263251,224285,2013-02-10,0.49
47051,263251,224285,2013-02-11,0.7
47075,263251,224285,2013-02-12,0.82
47099,263251,224285,2013-02-13,0.69
47123,263251,224285,2013-02-14,0.76
47147,263251,224285,2013-02-15,0.62
47171,263251,224285,2013-02-16,0.43
47195,263251,224285,2013-02-17,0.75
47219,263251,224285,2013-02-18,0.47
47243,263251,224285,2013-02-19,0.93
47267,263251,224285,2013-02-20,0.72
47291,263251,224285,2013-02-21,0.93
47315,263251,224285,2013-02-22,1.0
47339,263251,224285,2013-02-23,0.89
47363,263251,224285,2013-02-24,0.73
47387,263251,224285,2013-02-25,0.91
47411,263251,224285,2013-02-26,0.76
47435,263251,224285,2013-02-27,0.32
47459,263251,224285,2013-02-28,0.58
47483,263251,224285,2013-03-01,0.81
47507,263251,224285,2013-03-02,0.49
47531,263251,224285,2013-03-03,0.88
47555,263251,224285,2013-03-04,0.33
47579,263251,224285,2013-03-05,0.45
47603,263251,224285,2013-03-06,0.5
47627,263251,224285,2013-03-07,0.35
47651,263251,224285,2013-03-08,0.49
47675,263251,224285,2013-03-09,0.47
47699,263251,224285,2013-03-10,0.34
47723,263251,224285,2013-03-11,0.84
47747,263251,224285,2013-03-12,0.61
47771,263251,224285,2013-03-13,0.28
47795,263251,224285,2013-03-14,0.26
47819,263251,224285,2013-03-15,0.39
47843,263251,224285,2013-03-16,0.56
47867,263251,224285,2013-03-17,0.54
47891,263251,224285,2013-03-18,0.67
47915,263251,224285,2013-03-19,0.21
47939,263251,224285,2013-03-20,0.77
47963,263251,224285,2013-03-21,0.6
47987,263251,224285,2013-03-22,0.75
48011,263251,224285,2013-03-23,0.66
48035,263251,224285,2013-03-24,0.41
48059,263251,224285,2013-03-25,0.46
48083,263251,224285,2013-03-26,0.73
48107,263251,224285,2013-03-27,0.6
48131,263251,224285,2013-03-28,0.5
48155,263251,224285,2013-03-29,0.55
48179,263251,224285,2013-03-30,0.49
48203,263251,224285,2013-03-31,0.33
48227,263251,224285,2013-04-01,0.97
48251,263251,224285,2013-04-02,0.77
48275,263251,224285,2013-04-03,0.57
48299,263251,224285,2013-04-04,0.47
48323,263251,224285,2013-04-05,0.65
48347,263251,224285,2013-04-06,1.0
48371,263251,224285,2013-04-07,0.63
48395,263251,224285,2013-04-08,0.77
48419,263251,224285,2013-04-09,0.57
48443,263251,224285,2013-04-10,0.61
48467,263251,224285,2013-04-11,0.51
48491,263251,224285,2013-04-12,0.4
48515,263251,224285,2013-04-13,0.38
48539,263251,224285,2013-04-14,0.49
48563,263251,224285,2013-04-15,0.61
48587,263251,224285,2013-04-16,0.72
48611,263251,224285,2013-04-17,0.46
48635,263251,224285,2013-04-18,0.42
48659,263251,224285,2013-04-19,0.9
48683,263251,224285,2013-04-20,0.77
48707,263251,224285,2013-04-21,0.41
48731,263251,224285,2013-04-22,0.47
48755,263251,224285,2013-04-23,0.3
48779,263251,224285,2013-04-24,0.24
48803,263251,224285,2013-04-25,0.19
48827,263251,224285,2013-04-26,0.34
48851,263251,224285,2013-04-27,0.28
48875,263251,224285,2013-04-28,0.28
48899,263251,224285,2013-04-29,0.6
48923,263251,224285,2013-04-30,0.38
48947,263251,224285,2013-05-01,0.28
48971,263251,224285,2013-05-02,0.15
48995,263251,224285,2013-05-03,0.19
49019,263251,224285,2013-05-04,0.57
49043,263251,224285,2013-05-05,0.42
49067,263251,224285,2013-05-06,0.32
49091,263251,224285,2013-05-07,0.44
49115,263251,224285,2013-05-08,0.44
49139,263251,224285,2013-05-09,0.35
49163,263251,224285,2013-05-10,0.2
49187,263251,224285,2013-05-11,0.2
49211,263251,224285,2013-05-12,0.25
49235,263251,224285,2013-05-13,0.15
49259,263251,224285,2013-05-14,0.41
49283,263251,224285,2013-05-15,0.33
49307,263251,224285,2013-05-16,0.56
49331,263251,224285,2013-05-17,0.98
49355,263251,224285,2013-05-18,0.82
49379,263251,224285,2013-05-19,0.65
49403,263251,224285,2013-05-20,0.52
49427,263251,224285,2013-05-21,0.26
49451,263251,224285,2013-05-22,0.5
49475,263251,224285,2013-05-23,0.22
49499,263251,224285,2013-05-24,0.29
49523,263251,224285,2013-05-25,0.38
49547,263251,224285,2013-05-26,0.5
49571,263251,224285,2013-05-27,0.54
49595,263251,224285,2013-05-28,0.98
49619,263251,224285,2013-05-29,0.94
49643,263251,224285,2013-05-30,0.59
49667,263251,224285,2013-05-31,0.32
49691,263251,224285,2013-06-01,0.28
49715,263251,224285,2013-06-02,0.38
49739,263251,224285,2013-06-03,0.42
49763,263251,224285,2013-06-04,0.29
49787,263251,224285,2013-06-05,0.25
49811,263251,224285,2013-06-06,0.22
49835,263251,224285,2013-06-07,0.31
49859,263251,224285,2013-06-08,0.23
49883,263251,224285,2013-06-09,0.19
49907,263251,224285,2013-06-10,0.29
49931,263251,224285,2013-06-11,0.49
49955,263251,224285,2013-06-12,0.29
49979,263251,224285,2013-06-13,0.47
50003,263251,224285,2013-06-14,0.47
50027,263251,224285,2013-06-15,0.16
50051,263251,224285,2013-06-16,0.17
50075,263251,224285,2013-06-17,0.17
50099,263251,224285,2013-06-18,0.18
50123,263251,224285,2013-06-19,1.0
50147,263251,224285,2013-06-20,0.51
50171,263251,224285,2013-06-21,0.47
50195,263251,224285,2013-06-22,0.51
50219,263251,224285,2013-06-23,0.21
50243,263251,224285,2013-06-24,0.51
50267,263251,224285,2013-06-25,0.9
50291,263251,224285,2013-06-26,0.51
50315,263251,224285,2013-06-27,0.24
50339,263251,224285,2013-06-28,0.17
50363,263251,224285,2013-06-29,0.2
50387,263251,224285,2013-06-30,0.23
50411,263251,224285,2013-07-01,0.18
50435,263251,224285,2013-07-02,0.23
50459,263251,224285,2013-07-03,0.42
50483,263251,224285,2013-07-04,0.37
50507,263251,224285,2013-07-05,0.48
50531,263251,224285,2013-07-06,0.27
50555,263251,224285,2013-07-07,0.24
50579,263251,224285,2013-07-08,0.17
50603,263251,224285,2013-07-09,0.15
50627,263251,224285,2013-07-10,0.18
50651,263251,224285,2013-07-11,0.35
50675,263251,224285,2013-07-12,0.13
50699,263251,224285,2013-07-13,0.23
50723,263251,224285,2013-07-14,0.16
50747,263251,224285,2013-07-15,0.15
50771,263251,224285,2013-07-16,0.2
50795,263251,224285,2013-07-17,0.12
50819,263251,224285,2013-07-18,0.1
50843,263251,224285,2013-07-19,0.11
50867,263251,224285,2013-07-20,0.13
50891,263251,224285,2013-07-21,0.11
50915,263251,224285,2013-07-22,0.11
50939,263251,224285,2013-07-23,0.08
50963,263251,224285,2013-07-24,0.33
50987,263251,224285,2013-07-25,0.23
51011,263251,224285,2013-07-26,0.14
51035,263251,224285,2013-07-27,0.31
51059,263251,224285,2013-07-28,0.19
51083,263251,224285,2013-07-29,0.13
51107,263251,224285,2013-07-30,0.14
51131,263251,224285,2013-07-31,0.16
51155,263251,224285,2013-08-01,0.29
51179,263251,224285,2013-08-02,0.31
51203,263251,224285,2013-08-03,0.17
51227,263251,224285,2013-08-04,0.15
51251,263251,224285,2013-08-05,0.15
51275,263251,224285,2013-08-06,0.17
51299,263251,224285,2013-08-07,0.13
51323,263251,224285,2013-08-08,0.32
51347,263251,224285,2013-08-09,0.26
51371,263251,224285,2013-08-10,0.3
51395,263251,224285,2013-08-11,0.24
51419,263251,224285,2013-08-12,0.18
51443,263251,224285,2013-08-13,0.18
51467,263251,224285,2013-08-14,0.1
51491,263251,224285,2013-08-15,0.1
51515,263251,224285,2013-08-16,0.11
51539,263251,224285,2013-08-17,0.16
51563,263251,224285,2013-08-18,0.22
51587,263251,224285,2013-08-19,0.22
51611,263251,224285,2013-08-20,0.25
51635,263251,224285,2013-08-21,0.37
51659,263251,224285,2013-08-22,0.29
51683,263251,224285,2013-08-23,0.36
51707,263251,224285,2013-08-24,0.22
51731,263251,224285,2013-08-25,0.2
51755,263251,224285,2013-08-26,0.27
51779,263251,224285,2013-08-27,0.22
51803,263251,224285,2013-08-28,0.29
51827,263251,224285,2013-08-29,0.26
51851,263251,224285,2013-08-30,0.17
51875,263251,224285,2013-08-31,0.13
51899,263251,224285,2013-09-01,0.13
51923,263251,224285,2013-09-02,0.32
51947,263251,224285,2013-09-03,0.75
51971,263251,224285,2013-09-04,0.46
51995,263251,224285,2013-09-05,0.52
52019,263251,224285,2013-09-06,0.34
52043,263251,224285,2013-09-07,0.31
52067,263251,224285,2013-09-08,0.32
52091,263251,224285,2013-09-09,0.33
52115,263251,224285,2013-09-10,0.3
52139,263251,224285,2013-09-11,0.25
52163,263251,224285,2013-09-12,0.95
52187,263251,224285,2013-09-13,0.57
52211,263251,224285,2013-09-14,0.66
52235,263251,224285,2013-09-15,0.46
52259,263251,224285,2013-09-16,0.2
52283,263251,224285,2013-09-17,0.22
52307,263251,224285,2013-09-18,0.7
52331,263251,224285,2013-09-19,0.32
52355,263251,224285,2013-09-20,0.17
52379,263251,224285,2013-09-21,0.33
52403,263251,224285,2013-09-22,1.0
52427,263251,224285,2013-09-23,0.58
52451,263251,224285,2013-09-24,0.67
52475,263251,224285,2013-09-25,0.89
52499,263251,224285,2013-09-26,0.99
52523,263251,224285,2013-09-27,0.84
52547,263251,224285,2013-09-28,0.43
52571,263251,224285,2013-09-29,0.46
52595,263251,224285,2013-09-30,0.92
